/*
    __                           __    __
   / /   ____ ___  ______  _____/ /_  / /
  / /   / __ `/ / / / __ \/ ___/ __ \/ / 
 / /___/ /_/ / /_/ / / / /__/ / / /_/  
/_____/\__,_/\__,_/_/ /_/\___/_/ /_(_)   
Launch! for DOS ---------------------
*/
/*
 * MAINTAINER NOTES - Launch! 3.73
 * File: MDFONTS.C
 * Role: !MKDOWN graphical renderer font data/helpers
 * Build/ownership: Linked only with !MKDOWN.
 * Maintainer contract: Maps Markdown semantic styles to Launch! bitmap fonts used by graphical Show.
 * Documentation note: comments describe intent and invariants; behavior remains defined by the code and Release requirements.
 * DOS constraints: code targets 16-bit DOS/MS C 7-era models. Watch DGROUP (<64K in small model), stack use, far/near pointers, BIOS/DOS reentrancy and text-mode screen restoration.
 */
/* Generated private !MKDOWN Show font resources. */
#include "MDFONTS.H"

const unsigned char far md_body_font[4096]={
  0x00,0x00,0x00,0x00,0x00,0x00,0x00,0x00,0x00,0x00,0x00,0x00,0x00,0x00,0x00,0x00,
  0x00,0x00,0x7E,0x81,0xA5,0x81,0x81,0x81,0xBD,0x99,0x81,0x7E,0x00,0x00,0x00,0x00,
  0x00,0x00,0x7E,0xFF,0xDB,0xFF,0xFF,0xFF,0xC3,0xE7,0xFF,0x7E,0x00,0x00,0x00,0x00,
  0x00,0x00,0x00,0x00,0x6C,0xFE,0xFE,0xFE,0xFE,0x7C,0x38,0x10,0x00,0x00,0x00,0x00,
  0x00,0x00,0x00,0x00,0x10,0x38,0x7C,0xFE,0x7C,0x38,0x10,0x00,0x00,0x00,0x00,0x00,
  0x00,0x00,0x00,0x10,0x38,0x38,0x6C,0xEE,0x6C,0x10,0x10,0x38,0x00,0x00,0x00,0x00,
  0x00,0x00,0x00,0x10,0x38,0x7C,0xFE,0xFE,0x7C,0x10,0x10,0x38,0x00,0x00,0x00,0x00,
  0x00,0x00,0x00,0x00,0x00,0x00,0x18,0x3C,0x3C,0x18,0x00,0x00,0x00,0x00,0x00,0x00,
  0xFF,0xFF,0xFF,0xFF,0xFF,0xFF,0xE7,0xC3,0xC3,0xE7,0xFF,0xFF,0xFF,0xFF,0xFF,0xFF,
  0x00,0x00,0x00,0x00,0x00,0x3C,0x66,0x42,0x42,0x66,0x3C,0x00,0x00,0x00,0x00,0x00,
  0xFF,0xFF,0xFF,0xFF,0xFF,0xC3,0x99,0xBD,0xBD,0x99,0xC3,0xFF,0xFF,0xFF,0xFF,0xFF,
  0x00,0x00,0x3E,0x0A,0x12,0x22,0x78,0x84,0x84,0x84,0x84,0x78,0x00,0x00,0x00,0x00,
  0x00,0x00,0x38,0x44,0x44,0x44,0x44,0x38,0x10,0x7C,0x10,0x10,0x00,0x00,0x00,0x00,
  0x00,0x00,0x3F,0x21,0x3F,0x20,0x20,0x20,0x20,0x60,0xE0,0xC0,0x00,0x00,0x00,0x00,
  0x00,0x00,0x3F,0x21,0x3F,0x21,0x21,0x21,0x21,0x23,0x67,0xE6,0xC0,0x00,0x00,0x00,
  0x00,0x00,0x00,0x10,0x10,0xD6,0x38,0xEE,0x38,0xD6,0x10,0x10,0x00,0x00,0x00,0x00,
  0x00,0x80,0xC0,0xE0,0xF0,0xF8,0xFC,0xF8,0xF0,0xE0,0xC0,0x80,0x00,0x00,0x00,0x00,
  0x00,0x02,0x06,0x0E,0x1E,0x3E,0x7E,0x3E,0x1E,0x0E,0x06,0x02,0x00,0x00,0x00,0x00,
  0x00,0x00,0x10,0x38,0x7C,0x10,0x10,0x10,0x7C,0x38,0x10,0x00,0x00,0x00,0x00,0x00,
  0x00,0x00,0x42,0x42,0x42,0x42,0x42,0x42,0x42,0x00,0x42,0x42,0x00,0x00,0x00,0x00,
  0x00,0x00,0x7F,0x89,0x89,0x89,0x79,0x09,0x09,0x09,0x09,0x09,0x00,0x00,0x00,0x00,
  0x00,0x7C,0x86,0x40,0x38,0x44,0x82,0x82,0x44,0x38,0x04,0xC2,0x7C,0x00,0x00,0x00,
  0x00,0x00,0x00,0x00,0x00,0x00,0x00,0x00,0xFE,0xFE,0xFE,0xFE,0x00,0x00,0x00,0x00,
  0x00,0x00,0x10,0x38,0x7C,0x10,0x10,0x10,0x7C,0x38,0x10,0x7C,0x00,0x00,0x00,0x00,
  0x00,0x00,0x10,0x38,0x7C,0x10,0x10,0x10,0x10,0x10,0x10,0x10,0x00,0x00,0x00,0x00,
  0x00,0x00,0x10,0x10,0x10,0x10,0x10,0x10,0x10,0x7C,0x38,0x10,0x00,0x00,0x00,0x00,
  0x00,0x00,0x00,0x00,0x00,0x08,0x04,0xFE,0x04,0x08,0x00,0x00,0x00,0x00,0x00,0x00,
  0x00,0x00,0x00,0x00,0x00,0x20,0x40,0xFE,0x40,0x20,0x00,0x00,0x00,0x00,0x00,0x00,
  0x00,0x00,0x00,0x00,0x00,0x00,0x80,0x80,0x80,0xFE,0x00,0x00,0x00,0x00,0x00,0x00,
  0x00,0x00,0x00,0x00,0x00,0x28,0x6C,0xFE,0x6C,0x28,0x00,0x00,0x00,0x00,0x00,0x00,
  0x00,0x00,0x00,0x00,0x10,0x38,0x38,0x7C,0x7C,0xFE,0xFE,0x00,0x00,0x00,0x00,0x00,
  0x00,0x00,0x00,0x00,0xFE,0xFE,0x7C,0x7C,0x38,0x38,0x10,0x00,0x00,0x00,0x00,0x00,
  0x00,0x00,0x00,0x00,0x00,0x00,0x00,0x00,0x00,0x00,0x00,0x00,0x00,0x00,0x00,0x00,
  0x00,0x00,0x10,0x38,0x38,0x38,0x10,0x10,0x10,0x00,0x10,0x10,0x00,0x00,0x00,0x00,
  0x00,0x42,0x42,0x42,0x42,0x00,0x00,0x00,0x00,0x00,0x00,0x00,0x00,0x00,0x00,0x00,
  0x00,0x00,0x00,0x44,0x44,0xFE,0x44,0x44,0x44,0xFE,0x44,0x44,0x00,0x00,0x00,0x00,
  0x10,0x10,0x7C,0x82,0x82,0x40,0x30,0x0C,0x04,0x82,0x82,0x7C,0x10,0x10,0x00,0x00,
  0x00,0x00,0x00,0x00,0x00,0x82,0x84,0x08,0x10,0x20,0x42,0x82,0x00,0x00,0x00,0x00,
  0x00,0x00,0x38,0x44,0x44,0x38,0x38,0x47,0x44,0x44,0x44,0x3B,0x00,0x00,0x00,0x00,
  0x00,0x20,0x20,0x40,0x00,0x00,0x00,0x00,0x00,0x00,0x00,0x00,0x00,0x00,0x00,0x00,
  0x00,0x00,0x04,0x08,0x10,0x10,0x10,0x10,0x10,0x10,0x08,0x04,0x00,0x00,0x00,0x00,
  0x00,0x00,0x20,0x10,0x08,0x08,0x08,0x08,0x08,0x08,0x10,0x20,0x00,0x00,0x00,0x00,
  0x00,0x00,0x00,0x00,0x00,0x24,0x18,0xFF,0x18,0x24,0x00,0x00,0x00,0x00,0x00,0x00,
  0x00,0x00,0x00,0x00,0x00,0x10,0x10,0x7C,0x10,0x10,0x00,0x00,0x00,0x00,0x00,0x00,
  0x00,0x00,0x00,0x00,0x00,0x00,0x00,0x00,0x00,0x10,0x10,0x10,0x20,0x00,0x00,0x00,
  0x00,0x00,0x00,0x00,0x00,0x00,0x00,0xFE,0x00,0x00,0x00,0x00,0x00,0x00,0x00,0x00,
  0x00,0x00,0x00,0x00,0x00,0x00,0x00,0x00,0x00,0x00,0x10,0x10,0x00,0x00,0x00,0x00,
  0x00,0x00,0x00,0x00,0x00,0x02,0x04,0x08,0x10,0x20,0x40,0x80,0x00,0x00,0x00,0x00,
  0x00,0x00,0x38,0x44,0x82,0x82,0x92,0x92,0x82,0x82,0x44,0x38,0x00,0x00,0x00,0x00,
  0x00,0x00,0x08,0x18,0x38,0x08,0x08,0x08,0x08,0x08,0x08,0x3E,0x00,0x00,0x00,0x00,
  0x00,0x00,0x7C,0x82,0x02,0x04,0x08,0x10,0x20,0x40,0x82,0xFE,0x00,0x00,0x00,0x00,
  0x00,0x00,0x7C,0x82,0x02,0x02,0x3C,0x02,0x02,0x02,0x82,0x7C,0x00,0x00,0x00,0x00,
  0x00,0x00,0x0C,0x14,0x24,0x44,0x84,0xFE,0x04,0x04,0x04,0x0E,0x00,0x00,0x00,0x00,
  0x00,0x00,0xFE,0x80,0x80,0x80,0xFC,0x02,0x02,0x02,0x82,0x7C,0x00,0x00,0x00,0x00,
  0x00,0x00,0x38,0x40,0x80,0x80,0xFC,0x82,0x82,0x82,0x82,0x7C,0x00,0x00,0x00,0x00,
  0x00,0x00,0xFE,0x82,0x02,0x02,0x04,0x08,0x10,0x10,0x10,0x10,0x00,0x00,0x00,0x00,
  0x00,0x00,0x7C,0x82,0x82,0x82,0x7C,0x82,0x82,0x82,0x82,0x7C,0x00,0x00,0x00,0x00,
  0x00,0x00,0x7C,0x82,0x82,0x82,0x7E,0x02,0x02,0x02,0x04,0x78,0x00,0x00,0x00,0x00,
  0x00,0x00,0x00,0x00,0x10,0x10,0x00,0x00,0x00,0x10,0x10,0x00,0x00,0x00,0x00,0x00,
  0x00,0x00,0x00,0x00,0x10,0x10,0x00,0x00,0x00,0x10,0x10,0x20,0x00,0x00,0x00,0x00,
  0x00,0x00,0x00,0x04,0x08,0x10,0x20,0x40,0x20,0x10,0x08,0x04,0x00,0x00,0x00,0x00,
  0x00,0x00,0x00,0x00,0x00,0x7E,0x00,0x00,0x7E,0x00,0x00,0x00,0x00,0x00,0x00,0x00,
  0x00,0x00,0x00,0x40,0x20,0x10,0x08,0x04,0x08,0x10,0x20,0x40,0x00,0x00,0x00,0x00,
  0x00,0x00,0x7C,0x82,0x82,0x02,0x04,0x08,0x08,0x00,0x08,0x08,0x00,0x00,0x00,0x00,
  0x00,0x00,0x00,0x7C,0x82,0x82,0x9E,0x92,0x92,0x8C,0x80,0x7C,0x00,0x00,0x00,0x00,
  0x00,0x00,0x10,0x28,0x44,0x82,0x82,0xFE,0x82,0x82,0x82,0x82,0x00,0x00,0x00,0x00,
  0x00,0x00,0xFC,0x42,0x42,0x42,0x7C,0x42,0x42,0x42,0x42,0xFC,0x00,0x00,0x00,0x00,
  0x00,0x00,0x3C,0x42,0x82,0x80,0x80,0x80,0x80,0x82,0x42,0x3C,0x00,0x00,0x00,0x00,
  0x00,0x00,0xF8,0x44,0x42,0x42,0x42,0x42,0x42,0x42,0x44,0xF8,0x00,0x00,0x00,0x00,
  0x00,0x00,0xFE,0x42,0x42,0x48,0x78,0x48,0x40,0x42,0x42,0xFE,0x00,0x00,0x00,0x00,
  0x00,0x00,0xFE,0x42,0x42,0x48,0x78,0x48,0x40,0x40,0x40,0xE0,0x00,0x00,0x00,0x00,
  0x00,0x00,0x3C,0x42,0x82,0x80,0x80,0x9E,0x82,0x82,0x46,0x3A,0x00,0x00,0x00,0x00,
  0x00,0x00,0x82,0x82,0x82,0x82,0xFE,0x82,0x82,0x82,0x82,0x82,0x00,0x00,0x00,0x00,
  0x00,0x00,0x38,0x10,0x10,0x10,0x10,0x10,0x10,0x10,0x10,0x38,0x00,0x00,0x00,0x00,
  0x00,0x00,0x0E,0x04,0x04,0x04,0x04,0x04,0x84,0x84,0x84,0x78,0x00,0x00,0x00,0x00,
  0x00,0x00,0xC2,0x42,0x42,0x44,0x48,0x78,0x44,0x42,0x42,0xC2,0x00,0x00,0x00,0x00,
  0x00,0x00,0xE0,0x40,0x40,0x40,0x40,0x40,0x40,0x42,0x42,0xFE,0x00,0x00,0x00,0x00,
  0x00,0x00,0x82,0xC6,0xAA,0x92,0x82,0x82,0x82,0x82,0x82,0x82,0x00,0x00,0x00,0x00,
  0x00,0x00,0x82,0x82,0xC2,0xA2,0x92,0x8A,0x86,0x82,0x82,0x82,0x00,0x00,0x00,0x00,
  0x00,0x00,0x38,0x44,0x82,0x82,0x82,0x82,0x82,0x82,0x44,0x38,0x00,0x00,0x00,0x00,
  0x00,0x00,0xFC,0x42,0x42,0x42,0x7C,0x40,0x40,0x40,0x40,0xE0,0x00,0x00,0x00,0x00,
  0x00,0x00,0x7C,0x82,0x82,0x82,0x82,0x82,0x82,0x92,0x8A,0x7C,0x04,0x02,0x00,0x00,
  0x00,0x00,0xFC,0x42,0x42,0x42,0x7C,0x44,0x42,0x42,0x42,0xC2,0x00,0x00,0x00,0x00,
  0x00,0x00,0x7C,0x82,0x82,0x40,0x30,0x0C,0x04,0x82,0x82,0x7C,0x00,0x00,0x00,0x00,
  0x00,0x00,0xFE,0x92,0x92,0x10,0x10,0x10,0x10,0x10,0x10,0x38,0x00,0x00,0x00,0x00,
  0x00,0x00,0x82,0x82,0x82,0x82,0x82,0x82,0x82,0x82,0x82,0x7C,0x00,0x00,0x00,0x00,
  0x00,0x00,0x82,0x82,0x82,0x82,0x82,0x82,0x82,0x44,0x28,0x10,0x00,0x00,0x00,0x00,
  0x00,0x00,0x82,0x82,0x82,0x82,0x82,0x82,0x92,0xAA,0xC6,0x82,0x00,0x00,0x00,0x00,
  0x00,0x00,0x82,0x82,0x44,0x28,0x10,0x28,0x44,0x82,0x82,0x82,0x00,0x00,0x00,0x00,
  0x00,0x00,0x82,0x82,0x82,0x44,0x38,0x10,0x10,0x10,0x10,0x38,0x00,0x00,0x00,0x00,
  0x00,0x00,0xFE,0x82,0x82,0x04,0x18,0x20,0x40,0x82,0x82,0xFE,0x00,0x00,0x00,0x00,
  0x00,0x00,0x3C,0x20,0x20,0x20,0x20,0x20,0x20,0x20,0x20,0x3C,0x00,0x00,0x00,0x00,
  0x00,0x00,0x00,0x80,0x40,0x20,0x10,0x08,0x04,0x02,0x01,0x00,0x00,0x00,0x00,0x00,
  0x00,0x00,0x3C,0x04,0x04,0x04,0x04,0x04,0x04,0x04,0x04,0x3C,0x00,0x00,0x00,0x00,
  0x10,0x28,0x44,0x82,0x00,0x00,0x00,0x00,0x00,0x00,0x00,0x00,0x00,0x00,0x00,0x00,
  0x00,0x00,0x00,0x00,0x00,0x00,0x00,0x00,0x00,0x00,0x00,0x00,0x00,0xFF,0x00,0x00,
  0x10,0x10,0x08,0x00,0x00,0x00,0x00,0x00,0x00,0x00,0x00,0x00,0x00,0x00,0x00,0x00,
  0x00,0x00,0x00,0x00,0x00,0x78,0x04,0x7C,0x84,0x84,0x8C,0x76,0x00,0x00,0x00,0x00,
  0x00,0x00,0xC0,0x40,0x40,0x78,0x44,0x42,0x42,0x42,0x42,0x7C,0x00,0x00,0x00,0x00,
  0x00,0x00,0x00,0x00,0x00,0x7C,0x82,0x80,0x80,0x80,0x82,0x7C,0x00,0x00,0x00,0x00,
  0x00,0x00,0x0C,0x04,0x04,0x3C,0x44,0x84,0x84,0x84,0x8C,0x76,0x00,0x00,0x00,0x00,
  0x00,0x00,0x00,0x00,0x00,0x7C,0x82,0x82,0xFE,0x80,0x82,0x7C,0x00,0x00,0x00,0x00,
  0x00,0x00,0x38,0x44,0x44,0x40,0xE0,0x40,0x40,0x40,0x40,0xE0,0x00,0x00,0x00,0x00,
  0x00,0x00,0x00,0x00,0x00,0x76,0x8C,0x84,0x84,0x84,0x84,0x7C,0x04,0x84,0x78,0x00,
  0x00,0x00,0xC0,0x40,0x40,0x7C,0x42,0x42,0x42,0x42,0x42,0xC2,0x00,0x00,0x00,0x00,
  0x00,0x00,0x10,0x10,0x00,0x30,0x10,0x10,0x10,0x10,0x10,0x38,0x00,0x00,0x00,0x00,
  0x00,0x00,0x02,0x02,0x00,0x06,0x02,0x02,0x02,0x02,0x02,0x02,0x42,0x42,0x3C,0x00,
  0x00,0x00,0xC0,0x40,0x40,0x42,0x44,0x48,0x78,0x44,0x42,0xC2,0x00,0x00,0x00,0x00,
  0x00,0x00,0x30,0x10,0x10,0x10,0x10,0x10,0x10,0x10,0x10,0x38,0x00,0x00,0x00,0x00,
  0x00,0x00,0x00,0x00,0x00,0xEC,0x92,0x92,0x92,0x92,0x92,0x92,0x00,0x00,0x00,0x00,
  0x00,0x00,0x00,0x00,0x00,0xDC,0x62,0x42,0x42,0x42,0x42,0x42,0x00,0x00,0x00,0x00,
  0x00,0x00,0x00,0x00,0x00,0x7C,0x82,0x82,0x82,0x82,0x82,0x7C,0x00,0x00,0x00,0x00,
  0x00,0x00,0x00,0x00,0x00,0xDC,0x62,0x42,0x42,0x42,0x42,0x7C,0x40,0x40,0xE0,0x00,
  0x00,0x00,0x00,0x00,0x00,0x76,0x8C,0x84,0x84,0x84,0x84,0x7C,0x04,0x04,0x0E,0x00,
  0x00,0x00,0x00,0x00,0x00,0xDC,0x62,0x42,0x40,0x40,0x40,0xE0,0x00,0x00,0x00,0x00,
  0x00,0x00,0x00,0x00,0x00,0x7C,0x82,0x80,0x7C,0x02,0x82,0x7C,0x00,0x00,0x00,0x00,
  0x00,0x00,0x20,0x20,0x20,0xF8,0x20,0x20,0x20,0x20,0x22,0x1C,0x00,0x00,0x00,0x00,
  0x00,0x00,0x00,0x00,0x00,0x84,0x84,0x84,0x84,0x84,0x8C,0x76,0x00,0x00,0x00,0x00,
  0x00,0x00,0x00,0x00,0x00,0x42,0x42,0x42,0x42,0x42,0x24,0x18,0x00,0x00,0x00,0x00,
  0x00,0x00,0x00,0x00,0x00,0x82,0x82,0x82,0x92,0xAA,0xC6,0x82,0x00,0x00,0x00,0x00,
  0x00,0x00,0x00,0x00,0x00,0x82,0x44,0x28,0x10,0x28,0x44,0x82,0x00,0x00,0x00,0x00,
  0x00,0x00,0x00,0x00,0x00,0x82,0x82,0x82,0x82,0x82,0x82,0x7E,0x02,0x04,0x78,0x00,
  0x00,0x00,0x00,0x00,0x00,0xFE,0x84,0x08,0x10,0x20,0x42,0xFE,0x00,0x00,0x00,0x00,
  0x00,0x00,0x0E,0x10,0x10,0x10,0x60,0x10,0x10,0x10,0x10,0x0E,0x00,0x00,0x00,0x00,
  0x00,0x00,0x10,0x10,0x10,0x10,0x00,0x10,0x10,0x10,0x10,0x10,0x00,0x00,0x00,0x00,
  0x00,0x00,0x70,0x08,0x08,0x08,0x06,0x08,0x08,0x08,0x08,0x70,0x00,0x00,0x00,0x00,
  0x00,0x00,0x76,0xDC,0x00,0x00,0x00,0x00,0x00,0x00,0x00,0x00,0x00,0x00,0x00,0x00,
  0x00,0x00,0x00,0x00,0x10,0x28,0x44,0x82,0x82,0x82,0xFE,0x00,0x00,0x00,0x00,0x00,
  0x00,0x00,0x3C,0x42,0x82,0x80,0x80,0x80,0x82,0x42,0x3C,0x04,0x02,0x7C,0x00,0x00,
  0x00,0x00,0x84,0x00,0x00,0x84,0x84,0x84,0x84,0x84,0x8C,0x76,0x00,0x00,0x00,0x00,
  0x00,0x04,0x08,0x10,0x00,0x7C,0x82,0x82,0xFE,0x80,0x82,0x7C,0x00,0x00,0x00,0x00,
  0x00,0x10,0x28,0x44,0x00,0x78,0x04,0x7C,0x84,0x84,0x8C,0x76,0x00,0x00,0x00,0x00,
  0x00,0x00,0x84,0x84,0x00,0x78,0x04,0x7C,0x84,0x84,0x8C,0x76,0x00,0x00,0x00,0x00,
  0x00,0x40,0x20,0x10,0x00,0x78,0x04,0x7C,0x84,0x84,0x8C,0x76,0x00,0x00,0x00,0x00,
  0x00,0x38,0x44,0x38,0x00,0x78,0x04,0x7C,0x84,0x84,0x8C,0x76,0x00,0x00,0x00,0x00,
  0x00,0x00,0x00,0x00,0x3C,0x42,0x40,0x40,0x42,0x3C,0x04,0x02,0x3C,0x00,0x00,0x00,
  0x00,0x10,0x28,0x44,0x00,0x7C,0x82,0x82,0xFE,0x80,0x82,0x7C,0x00,0x00,0x00,0x00,
  0x00,0x00,0x84,0x00,0x00,0x7C,0x82,0x82,0xFE,0x80,0x82,0x7C,0x00,0x00,0x00,0x00,
  0x00,0x40,0x20,0x10,0x00,0x7C,0x82,0x82,0xFE,0x80,0x82,0x7C,0x00,0x00,0x00,0x00,
  0x00,0x00,0x44,0x44,0x00,0x18,0x08,0x08,0x08,0x08,0x08,0x1C,0x00,0x00,0x00,0x00,
  0x00,0x18,0x24,0x42,0x00,0x18,0x08,0x08,0x08,0x08,0x08,0x1C,0x00,0x00,0x00,0x00,
  0x00,0x40,0x20,0x10,0x00,0x18,0x08,0x08,0x08,0x08,0x08,0x1C,0x00,0x00,0x00,0x00,
  0x00,0x82,0x00,0x10,0x28,0x44,0x82,0x82,0xFE,0x82,0x82,0x82,0x00,0x00,0x00,0x00,
  0x38,0x44,0x38,0x10,0x28,0x44,0x82,0x82,0xFE,0x82,0x82,0x82,0x00,0x00,0x00,0x00,
  0x08,0x10,0x20,0xFE,0x42,0x40,0x40,0x7C,0x40,0x40,0x42,0xFE,0x00,0x00,0x00,0x00,
  0x00,0x00,0x00,0x00,0x00,0x8C,0x52,0x32,0x7E,0x88,0x98,0x6E,0x00,0x00,0x00,0x00,
  0x00,0x00,0x3E,0x44,0x84,0x84,0xFE,0x84,0x84,0x84,0x84,0x86,0x00,0x00,0x00,0x00,
  0x00,0x10,0x28,0x44,0x00,0x7C,0x82,0x82,0x82,0x82,0x82,0x7C,0x00,0x00,0x00,0x00,
  0x00,0x00,0x44,0x00,0x00,0x7C,0x82,0x82,0x82,0x82,0x82,0x7C,0x00,0x00,0x00,0x00,
  0x00,0x40,0x20,0x10,0x00,0x7C,0x82,0x82,0x82,0x82,0x82,0x7C,0x00,0x00,0x00,0x00,
  0x00,0x30,0x48,0x84,0x00,0x84,0x84,0x84,0x84,0x84,0x8C,0x76,0x00,0x00,0x00,0x00,
  0x00,0x40,0x20,0x10,0x00,0x84,0x84,0x84,0x84,0x84,0x8C,0x76,0x00,0x00,0x00,0x00,
  0x00,0x00,0x82,0x00,0x00,0x82,0x82,0x82,0x82,0x82,0x82,0x7E,0x02,0x04,0x78,0x00,
  0x00,0x82,0x00,0x7C,0x82,0x82,0x82,0x82,0x82,0x82,0x82,0x7C,0x00,0x00,0x00,0x00,
  0x00,0x82,0x00,0x82,0x82,0x82,0x82,0x82,0x82,0x82,0x82,0x7C,0x00,0x00,0x00,0x00,
  0x00,0x10,0x10,0x38,0x44,0x40,0x40,0x40,0x44,0x38,0x10,0x10,0x00,0x00,0x00,0x00,
  0x00,0x38,0x44,0x44,0x40,0xE0,0x40,0x40,0x40,0x40,0x42,0xFC,0x00,0x00,0x00,0x00,
  0x00,0x00,0x44,0x44,0x28,0x10,0x7C,0x10,0x7C,0x10,0x10,0x10,0x00,0x00,0x00,0x00,
  0x00,0xF8,0x84,0x84,0xF8,0x84,0x84,0x9E,0x84,0x84,0x84,0x86,0x00,0x00,0x00,0x00,
  0x00,0x06,0x09,0x08,0x08,0x08,0x3E,0x08,0x08,0x08,0x08,0x08,0x48,0x30,0x00,0x00,
  0x00,0x08,0x10,0x20,0x00,0x78,0x04,0x7C,0x84,0x84,0x8C,0x76,0x00,0x00,0x00,0x00,
  0x00,0x04,0x08,0x10,0x00,0x18,0x08,0x08,0x08,0x08,0x08,0x1C,0x00,0x00,0x00,0x00,
  0x00,0x08,0x10,0x20,0x00,0x7C,0x82,0x82,0x82,0x82,0x82,0x7C,0x00,0x00,0x00,0x00,
  0x00,0x08,0x10,0x20,0x00,0x84,0x84,0x84,0x84,0x84,0x8C,0x76,0x00,0x00,0x00,0x00,
  0x00,0x00,0x76,0xDC,0x00,0xDC,0x62,0x42,0x42,0x42,0x42,0x42,0x00,0x00,0x00,0x00,
  0x76,0xDC,0x00,0x82,0xC2,0xA2,0x92,0x8A,0x86,0x82,0x82,0x82,0x00,0x00,0x00,0x00,
  0x00,0x3C,0x44,0x44,0x3E,0x00,0x7E,0x00,0x00,0x00,0x00,0x00,0x00,0x00,0x00,0x00,
  0x00,0x38,0x44,0x44,0x38,0x00,0x7C,0x00,0x00,0x00,0x00,0x00,0x00,0x00,0x00,0x00,
  0x00,0x00,0x20,0x20,0x00,0x20,0x20,0x40,0x80,0x82,0x82,0x7C,0x00,0x00,0x00,0x00,
  0x00,0x00,0x00,0x00,0x00,0x00,0xFE,0xC0,0xC0,0xC0,0xC0,0x00,0x00,0x00,0x00,0x00,
  0x00,0x00,0x00,0x00,0x00,0x00,0xFE,0x06,0x06,0x06,0x06,0x00,0x00,0x00,0x00,0x00,
  0x00,0x80,0x80,0x82,0x84,0x88,0x10,0x20,0x40,0x9C,0x02,0x04,0x08,0x1E,0x00,0x00,
  0x00,0x80,0x80,0x82,0x84,0x88,0x10,0x20,0x46,0x8A,0x12,0x3E,0x02,0x02,0x00,0x00,
  0x00,0x00,0x10,0x10,0x00,0x10,0x10,0x10,0x38,0x38,0x38,0x10,0x00,0x00,0x00,0x00,
  0x00,0x00,0x00,0x00,0x00,0x24,0x48,0x90,0x48,0x24,0x00,0x00,0x00,0x00,0x00,0x00,
  0x00,0x00,0x00,0x00,0x00,0x88,0x44,0x22,0x44,0x88,0x00,0x00,0x00,0x00,0x00,0x00,
  0x11,0x44,0x11,0x44,0x11,0x44,0x11,0x44,0x11,0x44,0x11,0x44,0x11,0x44,0x11,0x44,
  0x55,0xAA,0x55,0xAA,0x55,0xAA,0x55,0xAA,0x55,0xAA,0x55,0xAA,0x55,0xAA,0x55,0xAA,
  0xDD,0x77,0xDD,0x77,0xDD,0x77,0xDD,0x77,0xDD,0x77,0xDD,0x77,0xDD,0x77,0xDD,0x77,
  0x18,0x18,0x18,0x18,0x18,0x18,0x18,0x18,0x18,0x18,0x18,0x18,0x18,0x18,0x18,0x18,
  0x18,0x18,0x18,0x18,0x18,0x18,0x18,0xF8,0x18,0x18,0x18,0x18,0x18,0x18,0x18,0x18,
  0x18,0x18,0x18,0x18,0x18,0xF8,0x18,0xF8,0x18,0x18,0x18,0x18,0x18,0x18,0x18,0x18,
  0x36,0x36,0x36,0x36,0x36,0x36,0x36,0xF6,0x36,0x36,0x36,0x36,0x36,0x36,0x36,0x36,
  0x00,0x00,0x00,0x00,0x00,0x00,0x00,0xFE,0x36,0x36,0x36,0x36,0x36,0x36,0x36,0x36,
  0x00,0x00,0x00,0x00,0x00,0xF8,0x18,0xF8,0x18,0x18,0x18,0x18,0x18,0x18,0x18,0x18,
  0x36,0x36,0x36,0x36,0x36,0xF6,0x06,0xF6,0x36,0x36,0x36,0x36,0x36,0x36,0x36,0x36,
  0x36,0x36,0x36,0x36,0x36,0x36,0x36,0x36,0x36,0x36,0x36,0x36,0x36,0x36,0x36,0x36,
  0x00,0x00,0x00,0x00,0x00,0xFE,0x06,0xF6,0x36,0x36,0x36,0x36,0x36,0x36,0x36,0x36,
  0x36,0x36,0x36,0x36,0x36,0xF6,0x06,0xFE,0x00,0x00,0x00,0x00,0x00,0x00,0x00,0x00,
  0x36,0x36,0x36,0x36,0x36,0x36,0x36,0xFE,0x00,0x00,0x00,0x00,0x00,0x00,0x00,0x00,
  0x18,0x18,0x18,0x18,0x18,0xF8,0x18,0xF8,0x00,0x00,0x00,0x00,0x00,0x00,0x00,0x00,
  0x00,0x00,0x00,0x00,0x00,0x00,0x00,0xF8,0x18,0x18,0x18,0x18,0x18,0x18,0x18,0x18,
  0x18,0x18,0x18,0x18,0x18,0x18,0x18,0x1F,0x00,0x00,0x00,0x00,0x00,0x00,0x00,0x00,
  0x18,0x18,0x18,0x18,0x18,0x18,0x18,0xFF,0x00,0x00,0x00,0x00,0x00,0x00,0x00,0x00,
  0x00,0x00,0x00,0x00,0x00,0x00,0x00,0xFF,0x18,0x18,0x18,0x18,0x18,0x18,0x18,0x18,
  0x18,0x18,0x18,0x18,0x18,0x18,0x18,0x1F,0x18,0x18,0x18,0x18,0x18,0x18,0x18,0x18,
  0x00,0x00,0x00,0x00,0x00,0x00,0x00,0xFF,0x00,0x00,0x00,0x00,0x00,0x00,0x00,0x00,
  0x18,0x18,0x18,0x18,0x18,0x18,0x18,0xFF,0x18,0x18,0x18,0x18,0x18,0x18,0x18,0x18,
  0x18,0x18,0x18,0x18,0x18,0x1F,0x18,0x1F,0x18,0x18,0x18,0x18,0x18,0x18,0x18,0x18,
  0x36,0x36,0x36,0x36,0x36,0x36,0x36,0x37,0x36,0x36,0x36,0x36,0x36,0x36,0x36,0x36,
  0x36,0x36,0x36,0x36,0x36,0x37,0x30,0x3F,0x00,0x00,0x00,0x00,0x00,0x00,0x00,0x00,
  0x00,0x00,0x00,0x00,0x00,0x3F,0x30,0x37,0x36,0x36,0x36,0x36,0x36,0x36,0x36,0x36,
  0x36,0x36,0x36,0x36,0x36,0xF7,0x00,0xFF,0x00,0x00,0x00,0x00,0x00,0x00,0x00,0x00,
  0x00,0x00,0x00,0x00,0x00,0xFF,0x00,0xF7,0x36,0x36,0x36,0x36,0x36,0x36,0x36,0x36,
  0x36,0x36,0x36,0x36,0x36,0x37,0x30,0x37,0x36,0x36,0x36,0x36,0x36,0x36,0x36,0x36,
  0x00,0x00,0x00,0x00,0x00,0xFF,0x00,0xFF,0x00,0x00,0x00,0x00,0x00,0x00,0x00,0x00,
  0x36,0x36,0x36,0x36,0x36,0xF7,0x00,0xF7,0x36,0x36,0x36,0x36,0x36,0x36,0x36,0x36,
  0x18,0x18,0x18,0x18,0x18,0xFF,0x00,0xFF,0x00,0x00,0x00,0x00,0x00,0x00,0x00,0x00,
  0x36,0x36,0x36,0x36,0x36,0x36,0x36,0xFF,0x00,0x00,0x00,0x00,0x00,0x00,0x00,0x00,
  0x00,0x00,0x00,0x00,0x00,0xFF,0x00,0xFF,0x18,0x18,0x18,0x18,0x18,0x18,0x18,0x18,
  0x00,0x00,0x00,0x00,0x00,0x00,0x00,0xFF,0x36,0x36,0x36,0x36,0x36,0x36,0x36,0x36,
  0x36,0x36,0x36,0x36,0x36,0x36,0x36,0x3F,0x00,0x00,0x00,0x00,0x00,0x00,0x00,0x00,
  0x18,0x18,0x18,0x18,0x18,0x1F,0x18,0x1F,0x00,0x00,0x00,0x00,0x00,0x00,0x00,0x00,
  0x00,0x00,0x00,0x00,0x00,0x1F,0x18,0x1F,0x18,0x18,0x18,0x18,0x18,0x18,0x18,0x18,
  0x00,0x00,0x00,0x00,0x00,0x00,0x00,0x3F,0x36,0x36,0x36,0x36,0x36,0x36,0x36,0x36,
  0x36,0x36,0x36,0x36,0x36,0x36,0x36,0xFF,0x36,0x36,0x36,0x36,0x36,0x36,0x36,0x36,
  0x18,0x18,0x18,0x18,0x18,0xFF,0x18,0xFF,0x18,0x18,0x18,0x18,0x18,0x18,0x18,0x18,
  0x18,0x18,0x18,0x18,0x18,0x18,0x18,0xF8,0x00,0x00,0x00,0x00,0x00,0x00,0x00,0x00,
  0x00,0x00,0x00,0x00,0x00,0x00,0x00,0x1F,0x18,0x18,0x18,0x18,0x18,0x18,0x18,0x18,
  0xFF,0xFF,0xFF,0xFF,0xFF,0xFF,0xFF,0xFF,0xFF,0xFF,0xFF,0xFF,0xFF,0xFF,0xFF,0xFF,
  0x00,0x00,0x00,0x00,0x00,0x00,0x00,0xFF,0xFF,0xFF,0xFF,0xFF,0xFF,0xFF,0xFF,0xFF,
  0xF0,0xF0,0xF0,0xF0,0xF0,0xF0,0xF0,0xF0,0xF0,0xF0,0xF0,0xF0,0xF0,0xF0,0xF0,0xF0,
  0x0F,0x0F,0x0F,0x0F,0x0F,0x0F,0x0F,0x0F,0x0F,0x0F,0x0F,0x0F,0x0F,0x0F,0x0F,0x0F,
  0xFF,0xFF,0xFF,0xFF,0xFF,0xFF,0xFF,0x00,0x00,0x00,0x00,0x00,0x00,0x00,0x00,0x00,
  0x00,0x00,0x00,0x00,0x00,0x62,0x94,0x98,0x88,0x98,0x94,0x62,0x00,0x00,0x00,0x00,
  0x00,0x00,0x78,0x84,0x84,0x84,0xB8,0x84,0x82,0x82,0x82,0xBC,0x80,0x00,0x00,0x00,
  0x00,0x00,0xFE,0x82,0x82,0x80,0x80,0x80,0x80,0x80,0x80,0x80,0x00,0x00,0x00,0x00,
  0x00,0x00,0x00,0x00,0xFE,0x44,0x44,0x44,0x44,0x44,0x44,0x44,0x00,0x00,0x00,0x00,
  0x00,0x00,0x00,0xFE,0x82,0x40,0x20,0x10,0x20,0x40,0x82,0xFE,0x00,0x00,0x00,0x00,
  0x00,0x00,0x00,0x00,0x00,0x7E,0x88,0x88,0x88,0x88,0x88,0x70,0x00,0x00,0x00,0x00,
  0x00,0x00,0x00,0x00,0x42,0x42,0x42,0x42,0x42,0x7C,0x40,0x40,0xC0,0x00,0x00,0x00,
  0x00,0x00,0x00,0x00,0x72,0xD4,0x08,0x08,0x08,0x08,0x08,0x08,0x00,0x00,0x00,0x00,
  0x00,0x00,0x00,0x7C,0x10,0x38,0x44,0x44,0x44,0x38,0x10,0x7C,0x00,0x00,0x00,0x00,
  0x00,0x00,0x00,0x38,0x44,0x82,0x82,0xFE,0x82,0x82,0x44,0x38,0x00,0x00,0x00,0x00,
  0x00,0x00,0x38,0x44,0x82,0x82,0x82,0x44,0x28,0x28,0x28,0xEE,0x00,0x00,0x00,0x00,
  0x00,0x00,0x1E,0x10,0x08,0x04,0x3E,0x42,0x42,0x42,0x42,0x3C,0x00,0x00,0x00,0x00,
  0x00,0x00,0x00,0x00,0x00,0x7E,0x99,0x99,0x99,0x7E,0x00,0x00,0x00,0x00,0x00,0x00,
  0x00,0x00,0x00,0x01,0x02,0x7E,0x89,0x91,0xA1,0x7E,0x40,0x80,0x00,0x00,0x00,0x00,
  0x00,0x00,0x1C,0x20,0x40,0x40,0x78,0x40,0x40,0x40,0x20,0x1C,0x00,0x00,0x00,0x00,
  0x00,0x00,0x00,0x7C,0x82,0x82,0x82,0x82,0x82,0x82,0x82,0x82,0x00,0x00,0x00,0x00,
  0x00,0x00,0x00,0x00,0xFE,0x00,0x00,0xFE,0x00,0x00,0xFE,0x00,0x00,0x00,0x00,0x00,
  0x00,0x00,0x00,0x00,0x10,0x10,0x7C,0x10,0x10,0x00,0x00,0xFE,0x00,0x00,0x00,0x00,
  0x00,0x00,0x00,0x10,0x08,0x04,0x02,0x04,0x08,0x10,0x00,0x7E,0x00,0x00,0x00,0x00,
  0x00,0x00,0x00,0x08,0x10,0x20,0x40,0x20,0x10,0x08,0x00,0x7E,0x00,0x00,0x00,0x00,
  0x00,0x00,0x0E,0x11,0x11,0x10,0x10,0x10,0x10,0x10,0x10,0x10,0x10,0x10,0x10,0x10,
  0x08,0x08,0x08,0x08,0x08,0x08,0x08,0x08,0x08,0x88,0x88,0x70,0x00,0x00,0x00,0x00,
  0x00,0x00,0x00,0x00,0x10,0x10,0x00,0x7C,0x00,0x10,0x10,0x00,0x00,0x00,0x00,0x00,
  0x00,0x00,0x00,0x00,0x00,0x76,0xDC,0x00,0x76,0xDC,0x00,0x00,0x00,0x00,0x00,0x00,
  0x00,0x38,0x44,0x44,0x38,0x00,0x00,0x00,0x00,0x00,0x00,0x00,0x00,0x00,0x00,0x00,
  0x00,0x00,0x00,0x00,0x00,0x00,0x00,0x18,0x18,0x00,0x00,0x00,0x00,0x00,0x00,0x00,
  0x00,0x00,0x00,0x00,0x00,0x00,0x00,0x00,0x18,0x00,0x00,0x00,0x00,0x00,0x00,0x00,
  0x00,0x0F,0x08,0x08,0x08,0x08,0x08,0xE8,0x28,0x28,0x28,0x18,0x00,0x00,0x00,0x00,
  0x00,0xD8,0x64,0x44,0x44,0x44,0x44,0x00,0x00,0x00,0x00,0x00,0x00,0x00,0x00,0x00,
  0x00,0x70,0x88,0x10,0x20,0x48,0x78,0x00,0x00,0x00,0x00,0x00,0x00,0x00,0x00,0x00,
  0x00,0x00,0x00,0x00,0x7C,0x7C,0x7C,0x7C,0x7C,0x7C,0x7C,0x00,0x00,0x00,0x00,0x00,
  0x00,0x00,0x00,0x00,0x00,0x00,0x00,0x00,0x00,0x00,0x00,0x00,0x00,0x00,0x00,0x00
};

const unsigned char far md_h1_font[6144]={
  0x00,0x00,0x00,0x00,0x00,0x00,0x00,0x00,0x00,0x00,0x00,0x00,0x00,0x00,0x00,0x00,
  0x00,0x00,0x00,0x00,0x00,0x00,0x00,0x00,0x00,0x00,0x00,0x3C,0x7E,0x42,0x81,0x81,
  0xA5,0xA5,0x81,0x81,0x81,0xBD,0xBD,0x99,0x81,0x42,0x7E,0x3C,0x00,0x00,0x00,0x00,
  0x00,0x00,0x00,0x3C,0x7E,0x7E,0xFF,0xFF,0xDB,0xDB,0xFF,0xFF,0xFF,0xC3,0xC3,0xE7,
  0xFF,0x7E,0x7E,0x3C,0x00,0x00,0x00,0x00,0x00,0x00,0x00,0x00,0x00,0x00,0x00,0x6C,
  0xFE,0xFE,0xFE,0xFE,0x7C,0x38,0x38,0x10,0x10,0x00,0x00,0x00,0x00,0x00,0x00,0x00,
  0x00,0x00,0x00,0x00,0x00,0x00,0x00,0x10,0x10,0x38,0x38,0x7C,0xFE,0x7C,0x38,0x38,
  0x10,0x10,0x00,0x00,0x00,0x00,0x00,0x00,0x00,0x00,0x00,0x00,0x10,0x38,0x38,0x38,
  0x10,0x6C,0xFE,0xFE,0xFE,0xFE,0xFE,0x6C,0x10,0x10,0x38,0x38,0x00,0x00,0x00,0x00,
  0x00,0x00,0x00,0x00,0x00,0x00,0x10,0x10,0x38,0x38,0x7C,0xFE,0xFE,0xFE,0xEE,0x54,
  0x10,0x10,0x38,0x38,0x00,0x00,0x00,0x00,0x00,0x00,0x00,0x00,0x00,0x00,0x00,0x00,
  0x00,0x18,0x3C,0x3C,0x3C,0x3C,0x18,0x00,0x00,0x00,0x00,0x00,0x00,0x00,0x00,0x00,
  0xFF,0xFF,0xFF,0xFF,0xFF,0xFF,0xFF,0xFF,0xFF,0xE7,0xC3,0xC3,0xC3,0xC3,0xE7,0xFF,
  0xFF,0xFF,0xFF,0xFF,0xFF,0xFF,0xFF,0xFF,0x00,0x00,0x00,0x00,0x00,0x00,0x00,0x18,
  0x3C,0x24,0x42,0x42,0x42,0x42,0x24,0x3C,0x18,0x00,0x00,0x00,0x00,0x00,0x00,0x00,
  0xFF,0xFF,0xFF,0xFF,0xFF,0xFF,0xFF,0xE7,0xC3,0xDB,0xBD,0xBD,0xBD,0xBD,0xDB,0xC3,
  0xE7,0xFF,0xFF,0xFF,0xFF,0xFF,0xFF,0xFF,0x00,0x00,0x00,0x00,0x0F,0x0F,0x03,0x07,
  0x05,0x0D,0x38,0x7C,0x44,0x82,0x82,0x82,0x82,0x44,0x7C,0x38,0x00,0x00,0x00,0x00,
  0x00,0x00,0x00,0x38,0x7C,0x44,0x82,0x82,0x82,0x82,0x44,0x7C,0x38,0x10,0x10,0xFE,
  0xFE,0x10,0x10,0x10,0x00,0x00,0x00,0x00,0x00,0x00,0x00,0x1E,0x1E,0x12,0x12,0x1E,
  0x1E,0x10,0x10,0x10,0x10,0x10,0x10,0x70,0xF0,0xF0,0xF0,0x60,0x00,0x00,0x00,0x00,
  0x00,0x00,0x00,0x3E,0x3E,0x22,0x22,0x3E,0x3E,0x22,0x22,0x22,0x22,0x22,0x22,0x26,
  0x2E,0x6E,0xEE,0xE4,0xE0,0x40,0x00,0x00,0x00,0x00,0x00,0x00,0x10,0x10,0x92,0xD6,
  0x7C,0x6C,0x44,0xC6,0xC6,0x44,0x6C,0x7C,0xD6,0x92,0x10,0x10,0x00,0x00,0x00,0x00,
  0x00,0x00,0x00,0x80,0x80,0xC0,0xC0,0xE0,0xF0,0xF8,0xFC,0xFE,0xFC,0xF8,0xF0,0xE0,
  0xC0,0xC0,0x80,0x80,0x00,0x00,0x00,0x00,0x00,0x00,0x00,0x02,0x02,0x06,0x06,0x0E,
  0x1E,0x3E,0x7E,0xFE,0x7E,0x3E,0x1E,0x0E,0x06,0x06,0x02,0x02,0x00,0x00,0x00,0x00,
  0x00,0x00,0x10,0x10,0x38,0x38,0x7C,0x54,0xD6,0x92,0x10,0x10,0x10,0x92,0xD6,0x54,
  0x7C,0x38,0x38,0x10,0x10,0x00,0x00,0x00,0x00,0x00,0x00,0x42,0xE7,0xE7,0xE7,0xE7,
  0x42,0x42,0x42,0x42,0x42,0x42,0x00,0x00,0x00,0x42,0xE7,0xE7,0xE7,0x42,0x00,0x00,
  0x00,0x00,0x00,0x00,0x7E,0xFE,0x92,0x92,0x92,0x92,0xF2,0x72,0x12,0x12,0x12,0x12,
  0x12,0x12,0x12,0x12,0x00,0x00,0x00,0x00,0x00,0x00,0x00,0x3C,0x7E,0x42,0x60,0x20,
  0x38,0x7C,0x44,0x46,0x62,0x22,0x3E,0x1C,0x0C,0x06,0x42,0x7E,0x3C,0x00,0x00,0x00,
  0x00,0x00,0x00,0x00,0x00,0x00,0x00,0x00,0x00,0x00,0x00,0x00,0x00,0x00,0xFF,0xFF,
  0xFF,0xFF,0xFF,0xFF,0x00,0x00,0x00,0x00,0x00,0x00,0x10,0x10,0x38,0x38,0x7C,0x54,
  0xD6,0x92,0x10,0x10,0x10,0x92,0xD6,0x54,0x7C,0x38,0x38,0x10,0x00,0xFE,0xFE,0x00,
  0x00,0x00,0x00,0x00,0x00,0x10,0x10,0x38,0x38,0x7C,0x54,0xD6,0x92,0x10,0x10,0x10,
  0x10,0x10,0x10,0x10,0x00,0x00,0x00,0x00,0x00,0x00,0x00,0x00,0x00,0x10,0x10,0x10,
  0x10,0x10,0x10,0x10,0x92,0xD6,0x54,0x7C,0x38,0x38,0x10,0x10,0x00,0x00,0x00,0x00,
  0x00,0x00,0x00,0x00,0x00,0x00,0x00,0x08,0x0C,0x04,0x06,0xFE,0xFE,0x06,0x04,0x0C,
  0x08,0x00,0x00,0x00,0x00,0x00,0x00,0x00,0x00,0x00,0x00,0x00,0x00,0x00,0x00,0x20,
  0x60,0x40,0xC0,0xFE,0xFE,0xC0,0x40,0x60,0x20,0x00,0x00,0x00,0x00,0x00,0x00,0x00,
  0x00,0x00,0x00,0x00,0x00,0x00,0x00,0x00,0x00,0x00,0x00,0x00,0x40,0x40,0x40,0x7F,
  0x7F,0x00,0x00,0x00,0x00,0x00,0x00,0x00,0x00,0x00,0x00,0x00,0x00,0x00,0x00,0x24,
  0x66,0x42,0xC3,0xFF,0xFF,0xC3,0x42,0x66,0x24,0x00,0x00,0x00,0x00,0x00,0x00,0x00,
  0x00,0x00,0x00,0x00,0x00,0x10,0x10,0x10,0x10,0x10,0x10,0x38,0x38,0x38,0x38,0x7C,
  0x7C,0x7C,0xFE,0xFE,0xFE,0x00,0x00,0x00,0x00,0x00,0x00,0x00,0xFE,0xFE,0xFE,0x7C,
  0x7C,0x7C,0x7C,0x38,0x38,0x38,0x10,0x10,0x10,0x10,0x10,0x10,0x00,0x00,0x00,0x00,
  0x00,0x00,0x00,0x00,0x00,0x00,0x00,0x00,0x00,0x00,0x00,0x00,0x00,0x00,0x00,0x00,
  0x00,0x00,0x00,0x00,0x00,0x00,0x00,0x00,0x00,0x00,0x00,0x08,0x1C,0x1C,0x1C,0x1C,
  0x08,0x08,0x08,0x08,0x08,0x08,0x00,0x00,0x00,0x08,0x1C,0x1C,0x1C,0x08,0x00,0x00,
  0x00,0x00,0x00,0x44,0xEE,0xEE,0xEE,0x44,0x44,0x44,0x44,0x44,0x44,0x44,0x00,0x00,
  0x00,0x00,0x00,0x00,0x00,0x00,0x00,0x00,0x00,0x00,0x00,0x00,0x28,0x28,0x28,0x28,
  0x28,0xFE,0xFE,0x28,0x28,0xFE,0xFE,0x28,0x28,0x28,0x28,0x28,0x00,0x00,0x00,0x00,
  0x00,0x00,0x10,0x10,0x3C,0x7E,0xD2,0x92,0x92,0x90,0xD0,0x7C,0x3E,0x12,0x12,0x92,
  0x92,0x92,0xFE,0x7C,0x10,0x10,0x10,0x00,0x00,0x00,0x00,0x00,0x62,0xF2,0x96,0x96,
  0x94,0xEC,0x68,0x18,0x10,0x1C,0x3E,0x32,0x72,0x52,0xDE,0x8C,0x00,0x00,0x00,0x00,
  0x00,0x00,0x00,0x00,0x18,0x3C,0x66,0x42,0x60,0x20,0x18,0x30,0x60,0x5E,0x5E,0x44,
  0x44,0x64,0x3C,0x18,0x00,0x00,0x00,0x00,0x00,0x00,0x00,0x02,0x06,0x0E,0x0C,0x18,
  0x30,0x20,0x00,0x00,0x00,0x00,0x00,0x00,0x00,0x00,0x00,0x00,0x00,0x00,0x00,0x00,
  0x00,0x00,0x06,0x0C,0x08,0x18,0x18,0x18,0x30,0x30,0x30,0x30,0x30,0x30,0x30,0x30,
  0x18,0x18,0x18,0x08,0x0C,0x06,0x00,0x00,0x00,0x00,0x30,0x18,0x08,0x0C,0x0C,0x0C,
  0x06,0x06,0x06,0x06,0x06,0x06,0x06,0x06,0x0C,0x0C,0x0C,0x08,0x18,0x30,0x00,0x00,
  0x00,0x00,0x00,0x00,0x00,0x00,0x10,0x92,0x54,0x7C,0x38,0xFE,0xFE,0x38,0x7C,0x54,
  0x92,0x10,0x00,0x00,0x00,0x00,0x00,0x00,0x00,0x00,0x00,0x00,0x00,0x00,0x10,0x10,
  0x10,0x10,0x10,0xFE,0xFE,0x10,0x10,0x10,0x10,0x10,0x00,0x00,0x00,0x00,0x00,0x00,
  0x00,0x00,0x00,0x00,0x00,0x00,0x00,0x00,0x00,0x00,0x00,0x00,0x00,0x00,0x00,0x00,
  0x0C,0x1E,0x1E,0x0E,0x02,0x0C,0x18,0x00,0x00,0x00,0x00,0x00,0x00,0x00,0x00,0x00,
  0x00,0x00,0x00,0x7E,0x7E,0x00,0x00,0x00,0x00,0x00,0x00,0x00,0x00,0x00,0x00,0x00,
  0x00,0x00,0x00,0x00,0x00,0x00,0x00,0x00,0x00,0x00,0x00,0x00,0x00,0x00,0x00,0x00,
  0x00,0x08,0x1C,0x1C,0x1C,0x08,0x00,0x00,0x00,0x00,0x02,0x02,0x06,0x04,0x04,0x0C,
  0x08,0x08,0x08,0x18,0x10,0x10,0x10,0x30,0x20,0x20,0x20,0x60,0x40,0x40,0x40,0x00,
  0x00,0x00,0x18,0x3C,0x24,0x66,0x42,0x42,0x42,0x42,0x5A,0x5A,0x5A,0x42,0x42,0x42,
  0x42,0x66,0x24,0x3C,0x18,0x00,0x00,0x00,0x00,0x00,0x08,0x18,0x38,0x28,0x68,0x48,
  0x08,0x08,0x08,0x08,0x08,0x08,0x08,0x08,0x08,0x08,0x08,0x08,0x08,0x00,0x00,0x00,
  0x00,0x00,0x38,0x7C,0x64,0x46,0x42,0x02,0x06,0x04,0x0C,0x08,0x08,0x18,0x10,0x30,
  0x20,0x20,0x62,0x7E,0x7E,0x00,0x00,0x00,0x00,0x00,0x38,0x7C,0x64,0x46,0x02,0x02,
  0x06,0x0C,0x3C,0x3C,0x04,0x06,0x02,0x02,0x02,0x46,0x64,0x7C,0x38,0x00,0x00,0x00,
  0x00,0x00,0x0C,0x0C,0x1C,0x14,0x14,0x34,0x24,0x24,0x64,0x44,0x44,0x44,0x7E,0x7E,
  0x04,0x04,0x04,0x04,0x04,0x00,0x00,0x00,0x00,0x00,0x7E,0x7E,0x40,0x40,0x40,0x40,
  0x58,0x7C,0x64,0x06,0x02,0x02,0x02,0x02,0x02,0x46,0x64,0x3C,0x18,0x00,0x00,0x00,
  0x00,0x00,0x0C,0x1C,0x30,0x20,0x60,0x40,0x40,0xC0,0x98,0xFC,0xC4,0xC6,0x82,0x82,
  0x82,0xC6,0x44,0x7C,0x38,0x00,0x00,0x00,0x00,0x00,0x7E,0x7E,0x46,0x44,0x04,0x04,
  0x0C,0x08,0x08,0x08,0x18,0x10,0x10,0x10,0x30,0x20,0x20,0x20,0x20,0x00,0x00,0x00,
  0x00,0x00,0x38,0x7C,0xC6,0x82,0x82,0x44,0x6C,0x38,0x38,0x6C,0x44,0xC6,0x82,0x82,
  0x82,0xC6,0x44,0x7C,0x38,0x00,0x00,0x00,0x00,0x00,0x38,0x7C,0x44,0xC6,0x82,0x82,
  0x82,0xC6,0x46,0x7E,0x32,0x06,0x06,0x04,0x0C,0x08,0x18,0x70,0x60,0x00,0x00,0x00,
  0x00,0x00,0x00,0x00,0x00,0x00,0x00,0x00,0x08,0x1C,0x1C,0x1C,0x08,0x00,0x00,0x00,
  0x00,0x08,0x1C,0x1C,0x1C,0x08,0x00,0x00,0x00,0x00,0x00,0x00,0x00,0x00,0x00,0x00,
  0x08,0x1C,0x1C,0x1C,0x08,0x00,0x00,0x00,0x0C,0x1E,0x1E,0x0E,0x02,0x0C,0x18,0x00,
  0x00,0x00,0x00,0x00,0x00,0x00,0x02,0x06,0x0C,0x18,0x30,0x60,0xC0,0x60,0x30,0x18,
  0x0C,0x06,0x02,0x00,0x00,0x00,0x00,0x00,0x00,0x00,0x00,0x00,0x00,0x00,0x00,0x00,
  0x00,0x7E,0x7E,0x00,0x00,0x7E,0x7E,0x00,0x00,0x00,0x00,0x00,0x00,0x00,0x00,0x00,
  0x00,0x00,0x00,0x00,0x00,0x00,0x40,0x60,0x30,0x18,0x0C,0x06,0x03,0x06,0x0C,0x18,
  0x30,0x60,0x40,0x00,0x00,0x00,0x00,0x00,0x00,0x00,0x00,0x00,0x38,0x7C,0xC6,0xC6,
  0x06,0x06,0x0C,0x18,0x10,0x20,0x20,0x00,0x20,0x70,0x70,0x20,0x00,0x00,0x00,0x00,
  0x00,0x00,0x00,0x00,0x38,0x7C,0x46,0xC2,0x82,0x02,0x02,0x22,0x72,0x52,0xD2,0x92,
  0x92,0x9E,0xFE,0x64,0x00,0x00,0x00,0x00,0x00,0x00,0x00,0x70,0x70,0x10,0x10,0x38,
  0x28,0x28,0x28,0x6C,0x44,0x44,0x7C,0xFE,0x82,0x82,0x82,0xC6,0xC6,0x00,0x00,0x00,
  0x00,0x00,0x00,0xFC,0xFC,0x46,0x42,0x42,0x42,0x42,0x46,0x78,0x7C,0x46,0x42,0x42,
  0x42,0x42,0x46,0xFC,0xFC,0x00,0x00,0x00,0x00,0x00,0x00,0x3A,0x7E,0x46,0xC2,0x82,
  0x80,0x80,0x80,0x80,0x80,0x80,0x80,0x80,0x82,0xC2,0x46,0x7C,0x38,0x00,0x00,0x00,
  0x00,0x00,0x00,0xF8,0xFC,0x24,0x24,0x22,0x22,0x22,0x22,0x22,0x22,0x22,0x22,0x22,
  0x22,0x24,0x24,0xFC,0xF8,0x00,0x00,0x00,0x00,0x00,0x00,0xFE,0xFE,0x42,0x42,0x42,
  0x48,0x48,0x48,0x78,0x78,0x48,0x48,0x48,0x42,0x42,0x42,0xFE,0xFE,0x00,0x00,0x00,
  0x00,0x00,0x00,0xFE,0xFE,0x42,0x42,0x42,0x48,0x48,0x48,0x78,0x78,0x48,0x48,0x48,
  0x40,0x40,0x40,0xF0,0xF0,0x00,0x00,0x00,0x00,0x00,0x00,0x3A,0x7E,0x66,0x42,0xC0,
  0x80,0x80,0x80,0x80,0x80,0x8F,0x8F,0x82,0xC2,0x42,0x66,0x7E,0x3C,0x00,0x00,0x00,
  0x00,0x00,0x00,0xE7,0xE7,0x42,0x42,0x42,0x42,0x42,0x42,0x7E,0x7E,0x42,0x42,0x42,
  0x42,0x42,0x42,0xE7,0xE7,0x00,0x00,0x00,0x00,0x00,0x00,0x3E,0x3E,0x08,0x08,0x08,
  0x08,0x08,0x08,0x08,0x08,0x08,0x08,0x08,0x08,0x08,0x08,0x3E,0x3E,0x00,0x00,0x00,
  0x00,0x00,0x00,0x3E,0x3E,0x04,0x04,0x04,0x04,0x04,0x04,0x04,0x04,0x04,0x84,0x84,
  0x84,0x84,0xCC,0x78,0x30,0x00,0x00,0x00,0x00,0x00,0x00,0xE6,0xE6,0x42,0x42,0x44,
  0x44,0x48,0x48,0x70,0x70,0x50,0x58,0x4C,0x44,0x46,0x42,0xE2,0xE2,0x00,0x00,0x00,
  0x00,0x00,0x00,0xF0,0xF0,0x40,0x40,0x40,0x40,0x40,0x40,0x40,0x40,0x40,0x40,0x40,
  0x42,0x42,0x42,0xFE,0xFE,0x00,0x00,0x00,0x00,0x00,0x00,0xC6,0xC6,0xC6,0xEE,0xEE,
  0xAA,0xBA,0xBA,0x92,0x92,0x92,0x82,0x82,0x82,0x82,0x82,0xC6,0xC6,0x00,0x00,0x00,
  0x00,0x00,0x00,0xC7,0xC7,0x62,0x62,0x62,0x72,0x52,0x52,0x52,0x52,0x4A,0x4A,0x4A,
  0x4E,0x46,0x46,0xE6,0xE2,0x00,0x00,0x00,0x00,0x00,0x00,0x38,0x7C,0x44,0xC6,0x82,
  0x82,0x82,0x82,0x82,0x82,0x82,0x82,0x82,0x82,0xC6,0x44,0x7C,0x38,0x00,0x00,0x00,
  0x00,0x00,0x00,0xF8,0xFC,0x44,0x42,0x42,0x42,0x42,0x42,0x44,0x7C,0x78,0x40,0x40,
  0x40,0x40,0x40,0xF0,0xF0,0x00,0x00,0x00,0x00,0x00,0x00,0x38,0x7C,0x44,0xC4,0x82,
  0x82,0x82,0x82,0x82,0x82,0x82,0x82,0x82,0xC4,0x44,0x7C,0x38,0x30,0x7E,0x5E,0x00,
  0x00,0x00,0x00,0xFC,0xFE,0x46,0x42,0x42,0x42,0x42,0x46,0x7C,0x78,0x58,0x58,0x4C,
  0x4C,0x44,0x46,0xE6,0xE2,0x00,0x00,0x00,0x00,0x00,0x00,0x3A,0x7E,0xC6,0x82,0x82,
  0x80,0x80,0xC0,0x78,0x3C,0x06,0x02,0x02,0x82,0x82,0xC6,0xFC,0xB8,0x00,0x00,0x00,
  0x00,0x00,0x00,0xFE,0xFE,0x92,0x92,0x92,0x92,0x92,0x10,0x10,0x10,0x10,0x10,0x10,
  0x10,0x10,0x10,0x7C,0x7C,0x00,0x00,0x00,0x00,0x00,0x00,0xE7,0xE7,0x42,0x42,0x42,
  0x42,0x42,0x42,0x42,0x42,0x42,0x42,0x42,0x42,0x42,0x66,0x7E,0x3C,0x00,0x00,0x00,
  0x00,0x00,0x00,0xC6,0xC6,0x82,0x82,0x82,0xC6,0x44,0x44,0x44,0x6C,0x28,0x28,0x28,
  0x28,0x38,0x10,0x10,0x10,0x00,0x00,0x00,0x00,0x00,0x00,0xC6,0xC6,0x82,0x82,0x82,
  0x92,0xD6,0x54,0x54,0x54,0x54,0x7C,0x6C,0x28,0x28,0x28,0x28,0x28,0x00,0x00,0x00,
  0x00,0x00,0x00,0xEE,0xEE,0x44,0x44,0x6C,0x28,0x28,0x38,0x10,0x10,0x38,0x28,0x6C,
  0x44,0x44,0x44,0xEE,0xEE,0x00,0x00,0x00,0x00,0x00,0x00,0xEE,0xEE,0x44,0x44,0x6C,
  0x28,0x28,0x38,0x10,0x10,0x10,0x10,0x10,0x10,0x10,0x10,0x7C,0x7C,0x00,0x00,0x00,
  0x00,0x00,0x00,0x7E,0x7E,0x42,0x46,0x44,0x0C,0x08,0x08,0x18,0x10,0x30,0x20,0x20,
  0x62,0x42,0x42,0x7E,0x7E,0x00,0x00,0x00,0x00,0x00,0x3E,0x3E,0x20,0x20,0x20,0x20,
  0x20,0x20,0x20,0x20,0x20,0x20,0x20,0x20,0x20,0x20,0x20,0x20,0x3E,0x3E,0x00,0x00,
  0x00,0x00,0x40,0x40,0x60,0x20,0x20,0x20,0x30,0x10,0x10,0x10,0x18,0x08,0x08,0x08,
  0x0C,0x04,0x04,0x04,0x06,0x02,0x02,0x00,0x00,0x00,0x3E,0x3E,0x02,0x02,0x02,0x02,
  0x02,0x02,0x02,0x02,0x02,0x02,0x02,0x02,0x02,0x02,0x02,0x02,0x3E,0x3E,0x00,0x00,
  0x00,0x00,0x00,0x08,0x1C,0x36,0x63,0x41,0x00,0x00,0x00,0x00,0x00,0x00,0x00,0x00,
  0x00,0x00,0x00,0x00,0x00,0x00,0x00,0x00,0x00,0x00,0x00,0x00,0x00,0x00,0x00,0x00,
  0x00,0x00,0x00,0x00,0x00,0x00,0x00,0x00,0x00,0x00,0x00,0x00,0x00,0xFE,0xFE,0x00,
  0x00,0x00,0x00,0x40,0x60,0x70,0x30,0x18,0x0C,0x04,0x00,0x00,0x00,0x00,0x00,0x00,
  0x00,0x00,0x00,0x00,0x00,0x00,0x00,0x00,0x00,0x00,0x00,0x00,0x00,0x00,0x00,0x38,
  0x7C,0x44,0x02,0x02,0x02,0x3E,0x7E,0xC2,0x82,0x82,0xC6,0x7E,0x36,0x00,0x00,0x00,
  0x00,0x00,0xE0,0xE0,0x20,0x20,0x20,0x38,0x3C,0x24,0x24,0x22,0x22,0x22,0x22,0x22,
  0x22,0x22,0x24,0xFC,0xF8,0x00,0x00,0x00,0x00,0x00,0x00,0x00,0x00,0x00,0x00,0x3A,
  0x7E,0x46,0xC2,0x80,0x80,0x80,0x80,0x80,0x82,0xC2,0x46,0x7C,0x3C,0x00,0x00,0x00,
  0x00,0x00,0x1C,0x1C,0x04,0x04,0x04,0x34,0x7C,0x4C,0xC4,0x84,0x84,0x84,0x84,0x84,
  0x84,0x84,0xCC,0x7E,0x36,0x00,0x00,0x00,0x00,0x00,0x00,0x00,0x00,0x00,0x00,0x38,
  0x7C,0x66,0xC2,0x82,0x82,0xFE,0xFE,0x80,0x80,0xC0,0x42,0x7E,0x3C,0x00,0x00,0x00,
  0x00,0x00,0x0E,0x1E,0x10,0x10,0x10,0x10,0x7E,0x7E,0x10,0x10,0x10,0x10,0x10,0x10,
  0x10,0x10,0x10,0x7E,0x7E,0x00,0x00,0x00,0x00,0x00,0x00,0x00,0x00,0x00,0x00,0x36,
  0x7E,0xC4,0x84,0x84,0x84,0x84,0x84,0xC4,0x7C,0x34,0x04,0x04,0x04,0x7C,0x78,0x00,
  0x00,0x00,0xC0,0xC0,0x40,0x40,0x40,0x58,0x7C,0x6C,0x44,0x44,0x44,0x44,0x44,0x44,
  0x44,0x44,0x44,0xE6,0xE6,0x00,0x00,0x00,0x00,0x00,0x10,0x38,0x38,0x10,0x00,0x70,
  0x70,0x10,0x10,0x10,0x10,0x10,0x10,0x10,0x10,0x10,0x10,0x7E,0x7E,0x00,0x00,0x00,
  0x00,0x00,0x08,0x1C,0x1C,0x08,0x00,0x3E,0x3E,0x02,0x02,0x02,0x02,0x02,0x02,0x02,
  0x02,0x02,0x02,0x02,0x06,0x7E,0x78,0x00,0x00,0x00,0xC0,0xC0,0x40,0x40,0x40,0x46,
  0x46,0x4C,0x48,0x58,0x50,0x70,0x70,0x50,0x58,0x4C,0x44,0xC6,0xC6,0x00,0x00,0x00,
  0x00,0x00,0x70,0x70,0x10,0x10,0x10,0x10,0x10,0x10,0x10,0x10,0x10,0x10,0x10,0x10,
  0x10,0x10,0x10,0x7E,0x7E,0x00,0x00,0x00,0x00,0x00,0x00,0x00,0x00,0x00,0x00,0xC4,
  0xFE,0xBA,0x92,0x92,0x92,0x92,0x92,0x92,0x92,0x92,0x92,0x92,0x92,0x00,0x00,0x00,
  0x00,0x00,0x00,0x00,0x00,0x00,0x00,0xD8,0xFC,0x66,0x42,0x42,0x42,0x42,0x42,0x42,
  0x42,0x42,0x42,0xE6,0xE6,0x00,0x00,0x00,0x00,0x00,0x00,0x00,0x00,0x00,0x00,0x38,
  0x7C,0x44,0xC6,0x82,0x82,0x82,0x82,0x82,0x82,0xC6,0x44,0x7C,0x38,0x00,0x00,0x00,
  0x00,0x00,0x00,0x00,0x00,0x00,0x00,0xD8,0xFC,0x44,0x46,0x42,0x42,0x42,0x42,0x46,
  0x44,0x7C,0x58,0x40,0x40,0xE0,0xE0,0x00,0x00,0x00,0x00,0x00,0x00,0x00,0x00,0x36,
  0x7E,0x44,0xC4,0x84,0x84,0x84,0x84,0xC4,0x44,0x7C,0x34,0x04,0x04,0x1E,0x1E,0x00,
  0x00,0x00,0x00,0x00,0x00,0x00,0x00,0xEE,0xFE,0x32,0x20,0x20,0x20,0x20,0x20,0x20,
  0x20,0x20,0x20,0xFC,0xFC,0x00,0x00,0x00,0x00,0x00,0x00,0x00,0x00,0x00,0x00,0x1A,
  0x3E,0x66,0x42,0x40,0x60,0x38,0x1C,0x06,0x02,0x42,0x66,0x7C,0x58,0x00,0x00,0x00,
  0x00,0x00,0x10,0x10,0x10,0x10,0x10,0xFE,0xFE,0x10,0x10,0x10,0x10,0x10,0x10,0x10,
  0x10,0x10,0x10,0x1E,0x0E,0x00,0x00,0x00,0x00,0x00,0x00,0x00,0x00,0x00,0x00,0xC4,
  0xC4,0x44,0x44,0x44,0x44,0x44,0x44,0x44,0x44,0x44,0x6C,0x7E,0x36,0x00,0x00,0x00,
  0x00,0x00,0x00,0x00,0x00,0x00,0x00,0xEE,0xEE,0x44,0x44,0x44,0x44,0x6C,0x28,0x28,
  0x28,0x28,0x38,0x10,0x10,0x00,0x00,0x00,0x00,0x00,0x00,0x00,0x00,0x00,0x00,0xC6,
  0xC6,0x82,0x82,0x82,0x82,0xD2,0x56,0x54,0x54,0x7C,0x6C,0x6C,0x44,0x00,0x00,0x00,
  0x00,0x00,0x00,0x00,0x00,0x00,0x00,0xE6,0xE6,0x42,0x66,0x24,0x2C,0x18,0x18,0x2C,
  0x24,0x66,0x42,0xE6,0xE6,0x00,0x00,0x00,0x00,0x00,0x00,0x00,0x00,0x00,0x00,0xE7,
  0xE7,0x42,0x42,0x66,0x24,0x3C,0x18,0x18,0x10,0x10,0x20,0x20,0x20,0xF8,0xF8,0x00,
  0x00,0x00,0x00,0x00,0x00,0x00,0x00,0x7E,0x7E,0x46,0x44,0x0C,0x08,0x18,0x10,0x30,
  0x20,0x62,0x42,0x7E,0x7E,0x00,0x00,0x00,0x00,0x00,0x00,0x06,0x0E,0x08,0x08,0x08,
  0x08,0x08,0x08,0x30,0x30,0x08,0x08,0x08,0x08,0x08,0x08,0x0E,0x06,0x00,0x00,0x00,
  0x00,0x00,0x08,0x08,0x08,0x08,0x08,0x08,0x08,0x08,0x08,0x00,0x00,0x00,0x08,0x08,
  0x08,0x08,0x08,0x08,0x08,0x08,0x08,0x00,0x00,0x00,0x00,0x30,0x38,0x08,0x08,0x08,
  0x08,0x08,0x08,0x06,0x06,0x08,0x08,0x08,0x08,0x08,0x08,0x38,0x30,0x00,0x00,0x00,
  0x00,0x00,0x00,0x00,0x60,0xF0,0x99,0x0F,0x06,0x00,0x00,0x00,0x00,0x00,0x00,0x00,
  0x00,0x00,0x00,0x00,0x00,0x00,0x00,0x00,0x00,0x00,0x00,0x00,0x00,0x00,0x10,0x10,
  0x38,0x28,0x28,0x6C,0x44,0x44,0xC6,0x82,0xFE,0xFE,0x00,0x00,0x00,0x00,0x00,0x00,
  0x00,0x00,0x00,0x3A,0x7E,0x46,0xC2,0x82,0x80,0x80,0x80,0x80,0x80,0x80,0x80,0x82,
  0xC2,0x46,0x7C,0x38,0x1C,0x04,0x1C,0x18,0x00,0x00,0x44,0xEE,0xEE,0x44,0x00,0xC4,
  0xC4,0x44,0x44,0x44,0x44,0x44,0x44,0x44,0x44,0x44,0x6C,0x7E,0x36,0x00,0x00,0x00,
  0x0C,0x1C,0x18,0x30,0x20,0x20,0x00,0x38,0x7C,0x66,0xC2,0x82,0x82,0xFE,0xFE,0x80,
  0x80,0xC0,0x42,0x7E,0x3C,0x00,0x00,0x00,0x00,0x10,0x38,0x6C,0xC6,0x82,0x00,0x38,
  0x7C,0x44,0x02,0x02,0x02,0x3E,0x7E,0xC2,0x82,0x82,0xC6,0x7E,0x36,0x00,0x00,0x00,
  0x00,0x00,0x44,0xEE,0xEE,0x44,0x00,0x38,0x7C,0x44,0x02,0x02,0x02,0x3E,0x7E,0xC2,
  0x82,0x82,0xC6,0x7E,0x36,0x00,0x00,0x00,0x60,0x60,0x30,0x10,0x18,0x08,0x00,0x38,
  0x7C,0x44,0x02,0x02,0x02,0x3E,0x7E,0xC2,0x82,0x82,0xC6,0x7E,0x36,0x00,0x00,0x00,
  0x00,0x18,0x3C,0x24,0x3C,0x18,0x00,0x38,0x7C,0x44,0x02,0x02,0x02,0x3E,0x7E,0xC2,
  0x82,0x82,0xC6,0x7E,0x36,0x00,0x00,0x00,0x00,0x00,0x00,0x00,0x00,0x00,0x00,0x3A,
  0x7E,0x46,0xC2,0x80,0x80,0x80,0x80,0x82,0xC2,0x46,0x7C,0x3C,0x1C,0x04,0x1C,0x18,
  0x00,0x10,0x38,0x6C,0xC6,0x82,0x00,0x38,0x7C,0x66,0xC2,0x82,0x82,0xFE,0xFE,0x80,
  0x80,0xC0,0x42,0x7E,0x3C,0x00,0x00,0x00,0x00,0x00,0x44,0xEE,0xEE,0x44,0x00,0x38,
  0x7C,0x66,0xC2,0x82,0x82,0xFE,0xFE,0x80,0x80,0xC0,0x42,0x7E,0x3C,0x00,0x00,0x00,
  0x60,0x60,0x30,0x10,0x18,0x08,0x00,0x38,0x7C,0x66,0xC2,0x82,0x82,0xFE,0xFE,0x80,
  0x80,0xC0,0x42,0x7E,0x3C,0x00,0x00,0x00,0x00,0x00,0x44,0xEE,0xEE,0x44,0x00,0x70,
  0x70,0x10,0x10,0x10,0x10,0x10,0x10,0x10,0x10,0x10,0x10,0x7E,0x7E,0x00,0x00,0x00,
  0x00,0x10,0x38,0x6C,0xC6,0x82,0x00,0x70,0x70,0x10,0x10,0x10,0x10,0x10,0x10,0x10,
  0x10,0x10,0x10,0x7E,0x7E,0x00,0x00,0x00,0x60,0x60,0x30,0x10,0x18,0x08,0x00,0x70,
  0x70,0x10,0x10,0x10,0x10,0x10,0x10,0x10,0x10,0x10,0x10,0x7E,0x7E,0x00,0x00,0x00,
  0x44,0xEE,0xEE,0x44,0x00,0x10,0x10,0x38,0x28,0x28,0x28,0x6C,0x44,0x44,0x7C,0xFE,
  0x82,0x82,0x82,0xC6,0xC6,0x00,0x00,0x00,0x18,0x3C,0x24,0x3C,0x18,0x10,0x10,0x38,
  0x28,0x28,0x28,0x6C,0x44,0x44,0x7C,0xFE,0x82,0x82,0x82,0xC6,0xC6,0x00,0x00,0x00,
  0x06,0x0C,0x18,0x20,0xFE,0xFE,0x42,0x42,0x48,0x48,0x48,0x78,0x78,0x48,0x48,0x48,
  0x42,0x42,0x42,0xFE,0xFE,0x00,0x00,0x00,0x00,0x00,0x00,0x00,0x00,0x00,0x00,0x26,
  0x7F,0xD9,0x91,0x11,0x11,0x7F,0xFF,0x90,0x91,0x99,0xFF,0x66,0x00,0x00,0x00,0x00,
  0x00,0x00,0x00,0x00,0x7F,0x7F,0x29,0x29,0x28,0x68,0x4A,0x4E,0x4E,0xFA,0xF8,0x88,
  0x89,0x89,0xCF,0xCF,0x00,0x00,0x00,0x00,0x00,0x10,0x38,0x6C,0xC6,0x82,0x00,0x38,
  0x7C,0x44,0xC6,0x82,0x82,0x82,0x82,0x82,0x82,0xC6,0x44,0x7C,0x38,0x00,0x00,0x00,
  0x00,0x00,0x44,0xEE,0xEE,0x44,0x00,0x38,0x7C,0x44,0xC6,0x82,0x82,0x82,0x82,0x82,
  0x82,0xC6,0x44,0x7C,0x38,0x00,0x00,0x00,0x60,0x60,0x30,0x10,0x18,0x08,0x00,0x38,
  0x7C,0x44,0xC6,0x82,0x82,0x82,0x82,0x82,0x82,0xC6,0x44,0x7C,0x38,0x00,0x00,0x00,
  0x00,0x10,0x38,0x6C,0xC6,0x82,0x00,0xC4,0xC4,0x44,0x44,0x44,0x44,0x44,0x44,0x44,
  0x44,0x44,0x6C,0x7E,0x36,0x00,0x00,0x00,0x60,0x60,0x30,0x10,0x18,0x08,0x00,0xC4,
  0xC4,0x44,0x44,0x44,0x44,0x44,0x44,0x44,0x44,0x44,0x6C,0x7E,0x36,0x00,0x00,0x00,
  0x00,0x00,0x42,0xE7,0xE7,0x42,0x00,0xE3,0xE3,0x41,0x41,0x63,0x22,0x36,0x14,0x1C,
  0x08,0x18,0x10,0x30,0x20,0xFC,0xFC,0x00,0x44,0xEE,0xEE,0x44,0x00,0x38,0x7C,0x44,
  0xC6,0x82,0x82,0x82,0x82,0x82,0x82,0x82,0x82,0xC6,0x44,0x7C,0x38,0x00,0x00,0x00,
  0x42,0xE7,0xE7,0x42,0x00,0xE7,0xE7,0x42,0x42,0x42,0x42,0x42,0x42,0x42,0x42,0x42,
  0x42,0x42,0x66,0x7E,0x3C,0x00,0x00,0x00,0x00,0x00,0x00,0x00,0x10,0x10,0x10,0x38,
  0x3C,0x52,0x52,0x50,0x50,0x52,0x52,0x3C,0x38,0x10,0x10,0x10,0x00,0x00,0x00,0x00,
  0x00,0x18,0x3C,0x64,0x46,0x42,0x42,0x40,0x40,0xF0,0xF0,0x40,0x40,0x40,0x40,0x40,
  0x62,0xF6,0x9C,0x08,0x00,0x00,0x00,0x00,0x00,0x00,0x00,0x41,0x41,0x63,0x22,0x36,
  0x1C,0x08,0x08,0x7F,0x7F,0x08,0x08,0x7F,0x7F,0x08,0x08,0x08,0x00,0x00,0x00,0x00,
  0x00,0xFE,0xFF,0x21,0x21,0x21,0x21,0x21,0x3F,0x3E,0x20,0x22,0x22,0x2F,0x2F,0x22,
  0x22,0x22,0x22,0xF3,0xF1,0x00,0x00,0x00,0x00,0x00,0x06,0x0F,0x09,0x09,0x09,0x09,
  0x08,0x08,0x7E,0x7E,0x08,0x08,0x08,0x88,0x88,0x88,0x88,0x98,0xF0,0x60,0x00,0x00,
  0x0C,0x1C,0x18,0x30,0x20,0x20,0x00,0x38,0x7C,0x44,0x02,0x02,0x02,0x3E,0x7E,0xC2,
  0x82,0x82,0xC6,0x7E,0x36,0x00,0x00,0x00,0x0C,0x1C,0x18,0x30,0x20,0x20,0x00,0x70,
  0x70,0x10,0x10,0x10,0x10,0x10,0x10,0x10,0x10,0x10,0x10,0x7E,0x7E,0x00,0x00,0x00,
  0x0C,0x1C,0x18,0x30,0x20,0x20,0x00,0x38,0x7C,0x44,0xC6,0x82,0x82,0x82,0x82,0x82,
  0x82,0xC6,0x44,0x7C,0x38,0x00,0x00,0x00,0x0C,0x1C,0x18,0x30,0x20,0x20,0x00,0xC4,
  0xC4,0x44,0x44,0x44,0x44,0x44,0x44,0x44,0x44,0x44,0x6C,0x7E,0x36,0x00,0x00,0x00,
  0x00,0x00,0x60,0xF2,0x9E,0x0C,0x00,0xD8,0xFC,0x66,0x42,0x42,0x42,0x42,0x42,0x42,
  0x42,0x42,0x42,0xE6,0xE6,0x00,0x00,0x00,0x60,0xF2,0x9E,0x0C,0x00,0xC7,0xE7,0x62,
  0x62,0x72,0x52,0x52,0x52,0x5A,0x4A,0x4A,0x4E,0x46,0x46,0xE6,0xE2,0x00,0x00,0x00,
  0x00,0x00,0x00,0x00,0x38,0x7C,0x46,0x02,0x3E,0x7E,0xC2,0x82,0xC6,0x7E,0x32,0x00,
  0x00,0xFE,0xFE,0x00,0x00,0x00,0x00,0x00,0x00,0x00,0x00,0x00,0x38,0x7C,0x44,0xC6,
  0x82,0x82,0x82,0xC6,0x44,0x7C,0x38,0x00,0x00,0xFE,0xFE,0x00,0x00,0x00,0x00,0x00,
  0x00,0x00,0x00,0x00,0x08,0x1C,0x1C,0x08,0x00,0x08,0x08,0x18,0x10,0x30,0x60,0x60,
  0x62,0x62,0x3E,0x1C,0x00,0x00,0x00,0x00,0x00,0x00,0x00,0x00,0x00,0x00,0x00,0x00,
  0x00,0x00,0x00,0x7F,0x7F,0x40,0x40,0x40,0x00,0x00,0x00,0x00,0x00,0x00,0x00,0x00,
  0x00,0x00,0x00,0x00,0x00,0x00,0x00,0x00,0x00,0x00,0x00,0x7E,0x7E,0x02,0x02,0x02,
  0x00,0x00,0x00,0x00,0x00,0x00,0x00,0x00,0x00,0x00,0x18,0x38,0x08,0x08,0x08,0x08,
  0x08,0x00,0x3E,0x3E,0x00,0x18,0x3C,0x26,0x02,0x06,0x0C,0x18,0x3E,0x3E,0x00,0x00,
  0x00,0x00,0x18,0x38,0x08,0x08,0x08,0x08,0x08,0x00,0x3E,0x3E,0x00,0x24,0x24,0x24,
  0x24,0x3E,0x3E,0x04,0x04,0x04,0x00,0x00,0x00,0x00,0x00,0x00,0x00,0x00,0x08,0x1C,
  0x1C,0x08,0x00,0x00,0x08,0x08,0x08,0x08,0x08,0x1C,0x1C,0x1C,0x08,0x00,0x00,0x00,
  0x00,0x00,0x00,0x00,0x00,0x00,0x00,0x00,0x19,0x33,0x66,0xCC,0x98,0xCC,0x66,0x33,
  0x19,0x00,0x00,0x00,0x00,0x00,0x00,0x00,0x00,0x00,0x00,0x00,0x00,0x00,0x00,0x00,
  0x98,0xCC,0x66,0x33,0x19,0x33,0x66,0xCC,0x98,0x00,0x00,0x00,0x00,0x00,0x00,0x00,
  0x22,0x88,0x22,0x88,0x22,0x88,0x22,0x88,0x22,0x88,0x22,0x88,0x22,0x88,0x22,0x88,
  0x22,0x88,0x22,0x88,0x22,0x88,0x22,0x88,0xAA,0x55,0xAA,0x55,0xAA,0x55,0xAA,0x55,
  0xAA,0x55,0xAA,0x55,0xAA,0x55,0xAA,0x55,0xAA,0x55,0xAA,0x55,0xAA,0x55,0xAA,0x55,
  0xBB,0xEE,0xBB,0xEE,0xBB,0xEE,0xBB,0xEE,0xBB,0xEE,0xBB,0xEE,0xBB,0xEE,0xBB,0xEE,
  0xBB,0xEE,0xBB,0xEE,0xBB,0xEE,0xBB,0xEE,0x08,0x08,0x08,0x08,0x08,0x08,0x08,0x08,
  0x08,0x08,0x08,0x08,0x08,0x08,0x08,0x08,0x08,0x08,0x08,0x08,0x08,0x08,0x08,0x08,
  0x08,0x08,0x08,0x08,0x08,0x08,0x08,0x08,0x08,0x08,0x08,0xF8,0xF8,0x08,0x08,0x08,
  0x08,0x08,0x08,0x08,0x08,0x08,0x08,0x08,0x08,0x08,0x08,0x08,0x08,0x08,0x08,0x08,
  0xF8,0xF8,0x08,0xF8,0xF8,0x08,0x08,0x08,0x08,0x08,0x08,0x08,0x08,0x08,0x08,0x08,
  0x14,0x14,0x14,0x14,0x14,0x14,0x14,0x14,0x14,0x14,0x14,0xF4,0xF4,0x14,0x14,0x14,
  0x14,0x14,0x14,0x14,0x14,0x14,0x14,0x14,0x00,0x00,0x00,0x00,0x00,0x00,0x00,0x00,
  0x00,0x00,0x00,0xFC,0xFC,0x14,0x14,0x14,0x14,0x14,0x14,0x14,0x14,0x14,0x14,0x14,
  0x00,0x00,0x00,0x00,0x00,0x00,0x00,0x00,0xF8,0xF8,0x08,0xF8,0xF8,0x08,0x08,0x08,
  0x08,0x08,0x08,0x08,0x08,0x08,0x08,0x08,0x14,0x14,0x14,0x14,0x14,0x14,0x14,0x14,
  0xF4,0xF4,0x04,0xF4,0xF4,0x14,0x14,0x14,0x14,0x14,0x14,0x14,0x14,0x14,0x14,0x14,
  0x14,0x14,0x14,0x14,0x14,0x14,0x14,0x14,0x14,0x14,0x14,0x14,0x14,0x14,0x14,0x14,
  0x14,0x14,0x14,0x14,0x14,0x14,0x14,0x14,0x00,0x00,0x00,0x00,0x00,0x00,0x00,0x00,
  0xFC,0xFC,0x04,0xF4,0xF4,0x14,0x14,0x14,0x14,0x14,0x14,0x14,0x14,0x14,0x14,0x14,
  0x14,0x14,0x14,0x14,0x14,0x14,0x14,0x14,0xF4,0xF4,0x04,0xFC,0xFC,0x00,0x00,0x00,
  0x00,0x00,0x00,0x00,0x00,0x00,0x00,0x00,0x14,0x14,0x14,0x14,0x14,0x14,0x14,0x14,
  0x14,0x14,0x14,0xFC,0xFC,0x00,0x00,0x00,0x00,0x00,0x00,0x00,0x00,0x00,0x00,0x00,
  0x08,0x08,0x08,0x08,0x08,0x08,0x08,0x08,0xF8,0xF8,0x08,0xF8,0xF8,0x00,0x00,0x00,
  0x00,0x00,0x00,0x00,0x00,0x00,0x00,0x00,0x00,0x00,0x00,0x00,0x00,0x00,0x00,0x00,
  0x00,0x00,0x00,0xF8,0xF8,0x08,0x08,0x08,0x08,0x08,0x08,0x08,0x08,0x08,0x08,0x08,
  0x08,0x08,0x08,0x08,0x08,0x08,0x08,0x08,0x08,0x08,0x08,0x0F,0x0F,0x00,0x00,0x00,
  0x00,0x00,0x00,0x00,0x00,0x00,0x00,0x00,0x08,0x08,0x08,0x08,0x08,0x08,0x08,0x08,
  0x08,0x08,0x08,0xFF,0xFF,0x00,0x00,0x00,0x00,0x00,0x00,0x00,0x00,0x00,0x00,0x00,
  0x00,0x00,0x00,0x00,0x00,0x00,0x00,0x00,0x00,0x00,0x00,0xFF,0xFF,0x08,0x08,0x08,
  0x08,0x08,0x08,0x08,0x08,0x08,0x08,0x08,0x08,0x08,0x08,0x08,0x08,0x08,0x08,0x08,
  0x08,0x08,0x08,0x0F,0x0F,0x08,0x08,0x08,0x08,0x08,0x08,0x08,0x08,0x08,0x08,0x08,
  0x00,0x00,0x00,0x00,0x00,0x00,0x00,0x00,0x00,0x00,0x00,0xFF,0xFF,0x00,0x00,0x00,
  0x00,0x00,0x00,0x00,0x00,0x00,0x00,0x00,0x08,0x08,0x08,0x08,0x08,0x08,0x08,0x08,
  0x08,0x08,0x08,0xFF,0xFF,0x08,0x08,0x08,0x08,0x08,0x08,0x08,0x08,0x08,0x08,0x08,
  0x08,0x08,0x08,0x08,0x08,0x08,0x08,0x08,0x0F,0x0F,0x08,0x0F,0x0F,0x08,0x08,0x08,
  0x08,0x08,0x08,0x08,0x08,0x08,0x08,0x08,0x14,0x14,0x14,0x14,0x14,0x14,0x14,0x14,
  0x14,0x14,0x14,0x17,0x17,0x14,0x14,0x14,0x14,0x14,0x14,0x14,0x14,0x14,0x14,0x14,
  0x14,0x14,0x14,0x14,0x14,0x14,0x14,0x14,0x17,0x17,0x10,0x1F,0x1F,0x00,0x00,0x00,
  0x00,0x00,0x00,0x00,0x00,0x00,0x00,0x00,0x00,0x00,0x00,0x00,0x00,0x00,0x00,0x00,
  0x1F,0x1F,0x10,0x17,0x17,0x14,0x14,0x14,0x14,0x14,0x14,0x14,0x14,0x14,0x14,0x14,
  0x14,0x14,0x14,0x14,0x14,0x14,0x14,0x14,0xF7,0xF7,0x00,0xFF,0xFF,0x00,0x00,0x00,
  0x00,0x00,0x00,0x00,0x00,0x00,0x00,0x00,0x00,0x00,0x00,0x00,0x00,0x00,0x00,0x00,
  0xFF,0xFF,0x00,0xF7,0xF7,0x14,0x14,0x14,0x14,0x14,0x14,0x14,0x14,0x14,0x14,0x14,
  0x14,0x14,0x14,0x14,0x14,0x14,0x14,0x14,0x17,0x17,0x10,0x17,0x17,0x14,0x14,0x14,
  0x14,0x14,0x14,0x14,0x14,0x14,0x14,0x14,0x00,0x00,0x00,0x00,0x00,0x00,0x00,0x00,
  0xFF,0xFF,0x00,0xFF,0xFF,0x00,0x00,0x00,0x00,0x00,0x00,0x00,0x00,0x00,0x00,0x00,
  0x14,0x14,0x14,0x14,0x14,0x14,0x14,0x14,0xF7,0xF7,0x00,0xF7,0xF7,0x14,0x14,0x14,
  0x14,0x14,0x14,0x14,0x14,0x14,0x14,0x14,0x08,0x08,0x08,0x08,0x08,0x08,0x08,0x08,
  0xFF,0xFF,0x00,0xFF,0xFF,0x00,0x00,0x00,0x00,0x00,0x00,0x00,0x00,0x00,0x00,0x00,
  0x14,0x14,0x14,0x14,0x14,0x14,0x14,0x14,0x14,0x14,0x14,0xFF,0xFF,0x00,0x00,0x00,
  0x00,0x00,0x00,0x00,0x00,0x00,0x00,0x00,0x00,0x00,0x00,0x00,0x00,0x00,0x00,0x00,
  0xFF,0xFF,0x00,0xFF,0xFF,0x08,0x08,0x08,0x08,0x08,0x08,0x08,0x08,0x08,0x08,0x08,
  0x00,0x00,0x00,0x00,0x00,0x00,0x00,0x00,0x00,0x00,0x00,0xFF,0xFF,0x14,0x14,0x14,
  0x14,0x14,0x14,0x14,0x14,0x14,0x14,0x14,0x14,0x14,0x14,0x14,0x14,0x14,0x14,0x14,
  0x14,0x14,0x14,0x1F,0x1F,0x00,0x00,0x00,0x00,0x00,0x00,0x00,0x00,0x00,0x00,0x00,
  0x08,0x08,0x08,0x08,0x08,0x08,0x08,0x08,0x0F,0x0F,0x08,0x0F,0x0F,0x00,0x00,0x00,
  0x00,0x00,0x00,0x00,0x00,0x00,0x00,0x00,0x00,0x00,0x00,0x00,0x00,0x00,0x00,0x00,
  0x0F,0x0F,0x08,0x0F,0x0F,0x08,0x08,0x08,0x08,0x08,0x08,0x08,0x08,0x08,0x08,0x08,
  0x00,0x00,0x00,0x00,0x00,0x00,0x00,0x00,0x00,0x00,0x00,0x1F,0x1F,0x14,0x14,0x14,
  0x14,0x14,0x14,0x14,0x14,0x14,0x14,0x14,0x14,0x14,0x14,0x14,0x14,0x14,0x14,0x14,
  0x14,0x14,0x14,0xFF,0xFF,0x14,0x14,0x14,0x14,0x14,0x14,0x14,0x14,0x14,0x14,0x14,
  0x08,0x08,0x08,0x08,0x08,0x08,0x08,0x08,0xFF,0xFF,0x08,0xFF,0xFF,0x08,0x08,0x08,
  0x08,0x08,0x08,0x08,0x08,0x08,0x08,0x08,0x08,0x08,0x08,0x08,0x08,0x08,0x08,0x08,
  0x08,0x08,0x08,0xF8,0xF8,0x00,0x00,0x00,0x00,0x00,0x00,0x00,0x00,0x00,0x00,0x00,
  0x00,0x00,0x00,0x00,0x00,0x00,0x00,0x00,0x00,0x00,0x00,0x0F,0x0F,0x08,0x08,0x08,
  0x08,0x08,0x08,0x08,0x08,0x08,0x08,0x08,0xFF,0xFF,0xFF,0xFF,0xFF,0xFF,0xFF,0xFF,
  0xFF,0xFF,0xFF,0xFF,0xFF,0xFF,0xFF,0xFF,0xFF,0xFF,0xFF,0xFF,0xFF,0xFF,0xFF,0xFF,
  0x00,0x00,0x00,0x00,0x00,0x00,0x00,0x00,0x00,0x00,0x00,0xFF,0xFF,0xFF,0xFF,0xFF,
  0xFF,0xFF,0xFF,0xFF,0xFF,0xFF,0xFF,0xFF,0xF0,0xF0,0xF0,0xF0,0xF0,0xF0,0xF0,0xF0,
  0xF0,0xF0,0xF0,0xF0,0xF0,0xF0,0xF0,0xF0,0xF0,0xF0,0xF0,0xF0,0xF0,0xF0,0xF0,0xF0,
  0x0F,0x0F,0x0F,0x0F,0x0F,0x0F,0x0F,0x0F,0x0F,0x0F,0x0F,0x0F,0x0F,0x0F,0x0F,0x0F,
  0x0F,0x0F,0x0F,0x0F,0x0F,0x0F,0x0F,0x0F,0xFF,0xFF,0xFF,0xFF,0xFF,0xFF,0xFF,0xFF,
  0xFF,0xFF,0xFF,0x00,0x00,0x00,0x00,0x00,0x00,0x00,0x00,0x00,0x00,0x00,0x00,0x00,
  0x00,0x00,0x00,0x00,0x00,0x00,0x00,0x00,0x00,0x38,0x7D,0x45,0xC7,0x82,0x82,0x82,
  0xC2,0x47,0x7D,0x39,0x00,0x00,0x00,0x00,0x00,0x00,0x00,0x00,0x38,0x7C,0x4C,0x44,
  0x44,0x4C,0x58,0x58,0x4C,0x44,0x46,0x42,0x42,0x76,0x5C,0x48,0x40,0x00,0x00,0x00,
  0x00,0x00,0x00,0xFF,0xFF,0x21,0x21,0x21,0x21,0x21,0x20,0x20,0x20,0x20,0x20,0x20,
  0x20,0x20,0x20,0xFC,0xFC,0x00,0x00,0x00,0x00,0x00,0x00,0x00,0x00,0x00,0x00,0x00,
  0x7F,0x7F,0x22,0x22,0x22,0x22,0x22,0x22,0x22,0x22,0x22,0x22,0x22,0x20,0x00,0x00,
  0x00,0x00,0x00,0xFF,0xFF,0x81,0xC1,0x41,0x60,0x20,0x30,0x18,0x18,0x30,0x20,0x60,
  0x41,0xC1,0x81,0xFF,0xFF,0x00,0x00,0x00,0x00,0x00,0x00,0x00,0x00,0x00,0x00,0x00,
  0x3F,0x7F,0x6C,0xC4,0x86,0x82,0x82,0x82,0x82,0xC6,0x44,0x7C,0x38,0x00,0x00,0x00,
  0x00,0x00,0x00,0x00,0x00,0x00,0x00,0x00,0x44,0x44,0x44,0x44,0x44,0x44,0x44,0x44,
  0x44,0x45,0x6D,0x7F,0x5A,0x40,0x40,0x40,0x00,0x00,0x00,0x00,0x00,0x00,0x00,0x00,
  0x00,0x1B,0x3F,0x6C,0x48,0x08,0x08,0x08,0x08,0x08,0x08,0x38,0x30,0x00,0x00,0x00,
  0x00,0x00,0x3E,0x3E,0x08,0x08,0x3C,0x7E,0x4A,0xCB,0x89,0x89,0x89,0x89,0x89,0xCB,
  0x4A,0x7E,0x3C,0x08,0x08,0x3E,0x3E,0x00,0x00,0x00,0x00,0x00,0x0C,0x1E,0x32,0x23,
  0x61,0x41,0x41,0x7F,0x7F,0x41,0x41,0x43,0x62,0x26,0x3C,0x18,0x00,0x00,0x00,0x00,
  0x00,0x00,0x00,0x18,0x3C,0x66,0x42,0xC3,0x81,0x81,0x81,0x81,0xC3,0x42,0x66,0x24,
  0x24,0x24,0x24,0xE7,0xE7,0x00,0x00,0x00,0x00,0x00,0x00,0x0E,0x1F,0x31,0x21,0x20,
  0x30,0x18,0x1C,0x3E,0x22,0x63,0x41,0x41,0x41,0x63,0x22,0x3E,0x1C,0x00,0x00,0x00,
  0x00,0x00,0x00,0x00,0x00,0x00,0x00,0x00,0x00,0x00,0x00,0x76,0xFF,0x99,0x89,0x89,
  0x89,0x99,0xFF,0x66,0x00,0x00,0x00,0x00,0x00,0x00,0x00,0x03,0x03,0x02,0x3E,0x7E,
  0x47,0xC5,0x8D,0x89,0x89,0x99,0xD1,0x51,0x73,0x3E,0x3C,0x20,0x60,0x40,0x40,0x00,
  0x00,0x00,0x00,0x00,0x00,0x00,0x00,0x00,0x00,0x0F,0x1F,0x30,0x20,0x7E,0x7E,0x60,
  0x60,0x20,0x3F,0x1F,0x00,0x00,0x00,0x00,0x00,0x00,0x00,0x00,0x00,0x00,0x00,0x1C,
  0x3E,0x22,0x63,0x41,0x41,0x41,0x41,0x41,0x41,0x41,0x41,0x41,0x00,0x00,0x00,0x00,
  0x00,0x00,0x00,0x00,0x00,0x00,0x7F,0x7F,0x00,0x00,0x00,0x7F,0x7F,0x00,0x00,0x00,
  0x7F,0x7F,0x00,0x00,0x00,0x00,0x00,0x00,0x00,0x00,0x00,0x00,0x00,0x08,0x08,0x08,
  0x08,0x7F,0x7F,0x08,0x08,0x08,0x08,0x00,0x00,0x7F,0x7F,0x00,0x00,0x00,0x00,0x00,
  0x00,0x00,0x00,0x00,0x00,0x00,0x40,0x60,0x30,0x18,0x0C,0x06,0x0C,0x18,0x30,0x60,
  0x40,0x00,0x7E,0x7E,0x00,0x00,0x00,0x00,0x00,0x00,0x00,0x00,0x00,0x00,0x02,0x06,
  0x0C,0x18,0x30,0x60,0x30,0x18,0x0C,0x06,0x02,0x00,0x7E,0x7E,0x00,0x00,0x00,0x00,
  0x00,0x00,0x00,0x00,0x00,0x00,0x06,0x0F,0x09,0x09,0x09,0x08,0x08,0x08,0x08,0x08,
  0x08,0x08,0x08,0x08,0x08,0x08,0x08,0x08,0x08,0x08,0x08,0x08,0x08,0x08,0x08,0x08,
  0x08,0x08,0x08,0x08,0x08,0x08,0x08,0x08,0x88,0x98,0x90,0xF0,0x60,0x00,0x00,0x00,
  0x00,0x00,0x00,0x00,0x00,0x10,0x38,0x38,0x10,0x00,0x00,0xFE,0xFE,0x00,0x00,0x10,
  0x38,0x38,0x10,0x00,0x00,0x00,0x00,0x00,0x00,0x00,0x00,0x00,0x00,0x60,0xF1,0x99,
  0x89,0x8F,0x06,0x00,0x60,0xF1,0x99,0x89,0x8F,0x06,0x00,0x00,0x00,0x00,0x00,0x00,
  0x00,0x00,0x18,0x3C,0x24,0x42,0x42,0x42,0x24,0x3C,0x18,0x00,0x00,0x00,0x00,0x00,
  0x00,0x00,0x00,0x00,0x00,0x00,0x00,0x00,0x00,0x00,0x00,0x00,0x00,0x00,0x00,0x00,
  0x00,0x38,0x7C,0x7C,0x7C,0x7C,0x38,0x00,0x00,0x00,0x00,0x00,0x00,0x00,0x00,0x00,
  0x00,0x00,0x00,0x00,0x00,0x00,0x00,0x00,0x00,0x00,0x10,0x38,0x38,0x10,0x00,0x00,
  0x00,0x00,0x00,0x00,0x00,0x00,0x00,0x00,0x03,0x03,0x02,0x02,0x02,0x02,0x06,0x04,
  0x04,0x04,0x04,0xCC,0xC8,0x48,0x48,0x48,0x58,0x50,0x50,0x70,0x70,0x20,0x00,0x00,
  0x00,0x00,0x00,0xDC,0xFE,0x42,0x42,0x42,0x42,0x42,0x42,0x42,0x00,0x00,0x00,0x00,
  0x00,0x00,0x00,0x00,0x00,0x00,0x00,0x00,0x00,0x00,0x00,0x1C,0x3E,0x22,0x02,0x04,
  0x08,0x10,0x20,0x3E,0x3E,0x00,0x00,0x00,0x00,0x00,0x00,0x00,0x00,0x00,0x00,0x00,
  0x00,0x00,0x00,0x00,0x00,0x00,0x00,0x7F,0x7F,0x7F,0x7F,0x7F,0x7F,0x7F,0x7F,0x7F,
  0x7F,0x7F,0x00,0x00,0x00,0x00,0x00,0x00,0x00,0x00,0x00,0x00,0x00,0x00,0x00,0x00,
  0x00,0x00,0x00,0x00,0x00,0x00,0x00,0x00,0x00,0x00,0x00,0x00,0x00,0x00,0x00,0x00
};

const unsigned char far md_h2_font[4864]={
  0x00,0x00,0x00,0x00,0x00,0x00,0x00,0x00,0x00,0x00,0x00,0x00,0x00,0x00,0x00,0x00,
  0x00,0x00,0x00,0x00,0x00,0x7E,0xC3,0x81,0xA5,0xA5,0x81,0x81,0x81,0xBD,0xBD,0x99,
  0x81,0xC3,0x7E,0x00,0x00,0x00,0x00,0x00,0x7E,0xFF,0xFF,0xDB,0xDB,0xFF,0xFF,0xFF,
  0xC3,0xC3,0xE7,0xFF,0xFF,0x7E,0x00,0x00,0x00,0x00,0x00,0x00,0x36,0x36,0x7F,0x7F,
  0x7F,0x7F,0x3E,0x3E,0x1C,0x1C,0x08,0x08,0x00,0x00,0x00,0x00,0x00,0x00,0x08,0x08,
  0x1C,0x1C,0x3E,0x3E,0x7F,0x3E,0x3E,0x1C,0x1C,0x08,0x08,0x00,0x00,0x00,0x00,0x00,
  0x00,0x1C,0x1C,0x1C,0x08,0x6B,0x6B,0x7F,0x6B,0x6B,0x08,0x08,0x1C,0x3E,0x00,0x00,
  0x00,0x00,0x00,0x00,0x08,0x08,0x1C,0x1C,0x3E,0x3E,0x7F,0x7F,0x3E,0x08,0x08,0x1C,
  0x3E,0x00,0x00,0x00,0x00,0x00,0x00,0x00,0x00,0x00,0x00,0x00,0x18,0x3C,0x3C,0x3C,
  0x18,0x00,0x00,0x00,0x00,0x00,0x00,0x00,0xFF,0xFF,0xFF,0xFF,0xFF,0xFF,0xFF,0xE7,
  0xC3,0xC3,0xC3,0xE7,0xFF,0xFF,0xFF,0xFF,0xFF,0xFF,0xFF,0x00,0x00,0x00,0x00,0x00,
  0x00,0x3C,0x66,0x42,0x42,0x42,0x66,0x3C,0x00,0x00,0x00,0x00,0x00,0x00,0xFF,0xFF,
  0xFF,0xFF,0xFF,0xFF,0xC3,0x99,0xBD,0xBD,0xBD,0x99,0xC3,0xFF,0xFF,0xFF,0xFF,0xFF,
  0xFF,0x00,0x00,0x0F,0x0F,0x07,0x0F,0x1D,0x78,0xFC,0xCC,0xCC,0xCC,0xCC,0xFC,0x78,
  0x00,0x00,0x00,0x00,0x00,0x00,0x3C,0x7E,0x66,0x66,0x66,0x66,0x7E,0x3C,0x18,0x7E,
  0x7E,0x18,0x18,0x00,0x00,0x00,0x00,0x00,0x00,0x18,0x1C,0x1E,0x1F,0x1B,0x1B,0x1A,
  0x18,0x18,0x38,0x78,0x78,0x70,0x00,0x00,0x00,0x00,0x00,0x00,0x7F,0x7F,0x63,0x7F,
  0x7F,0x63,0x63,0x63,0x67,0xE7,0xE7,0xE6,0xC0,0x00,0x00,0x00,0x00,0x00,0x00,0x18,
  0x99,0xDB,0x7E,0x3C,0xE7,0xE7,0x3C,0x7E,0xDB,0x99,0x18,0x00,0x00,0x00,0x00,0x00,
  0x00,0x00,0x00,0x80,0xC0,0xE0,0xF0,0xFC,0xFF,0xFC,0xF0,0xE0,0xC0,0x80,0x00,0x00,
  0x00,0x00,0x00,0x00,0x00,0x00,0x01,0x03,0x07,0x0F,0x3F,0xFF,0x3F,0x0F,0x07,0x03,
  0x01,0x00,0x00,0x00,0x00,0x00,0x00,0x00,0x18,0x3C,0x7E,0xFF,0x18,0x18,0x18,0x18,
  0x18,0xFF,0x7E,0x3C,0x18,0x00,0x00,0x00,0x00,0x00,0x00,0x66,0x66,0x66,0x66,0x66,
  0x66,0x66,0x66,0x00,0x00,0x66,0x66,0x66,0x00,0x00,0x00,0x00,0x00,0x00,0x3F,0x7A,
  0x7A,0x7A,0x7A,0x3A,0x0A,0x0A,0x0A,0x0A,0x0A,0x0A,0x0A,0x00,0x00,0x00,0x00,0x00,
  0x00,0x3C,0x7E,0x66,0x60,0x38,0x3C,0x66,0x66,0x3C,0x1C,0x06,0x66,0x7E,0x3C,0x00,
  0x00,0x00,0x00,0x00,0x00,0x00,0x00,0x00,0x00,0x00,0x00,0x00,0x00,0x7F,0x7F,0x7F,
  0x7F,0x00,0x00,0x00,0x00,0x00,0x00,0x18,0x3C,0x7E,0xFF,0x18,0x18,0x18,0x18,0x18,
  0xFF,0x7E,0x3C,0x18,0xFF,0xFF,0x00,0x00,0x00,0x00,0x18,0x3C,0x7E,0xFF,0x18,0x18,
  0x18,0x18,0x18,0x18,0x18,0x18,0x18,0x00,0x00,0x00,0x00,0x00,0x00,0x18,0x18,0x18,
  0x18,0x18,0x18,0x18,0x18,0x18,0xFF,0x7E,0x3C,0x18,0x00,0x00,0x00,0x00,0x00,0x00,
  0x00,0x00,0x08,0x0C,0x0E,0xFF,0xFF,0x0E,0x0C,0x08,0x00,0x00,0x00,0x00,0x00,0x00,
  0x00,0x00,0x00,0x00,0x00,0x10,0x30,0x70,0xFF,0xFF,0x70,0x30,0x10,0x00,0x00,0x00,
  0x00,0x00,0x00,0x00,0x00,0x00,0x00,0x00,0x00,0x00,0x60,0x60,0x60,0x7F,0x7F,0x00,
  0x00,0x00,0x00,0x00,0x00,0x00,0x00,0x00,0x00,0x00,0x00,0x00,0x24,0x66,0xFF,0xFF,
  0x66,0x24,0x00,0x00,0x00,0x00,0x00,0x00,0x00,0x00,0x00,0x00,0x00,0x00,0x18,0x18,
  0x3C,0x3C,0x7E,0x7E,0xFF,0xFF,0x00,0x00,0x00,0x00,0x00,0x00,0x00,0x00,0x00,0x00,
  0x00,0xFF,0xFF,0x7E,0x7E,0x3C,0x3C,0x18,0x18,0x00,0x00,0x00,0x00,0x00,0x00,0x00,
  0x00,0x00,0x00,0x00,0x00,0x00,0x00,0x00,0x00,0x00,0x00,0x00,0x00,0x00,0x00,0x00,
  0x00,0x00,0x00,0x00,0x00,0x30,0x30,0x30,0x30,0x30,0x30,0x30,0x30,0x00,0x00,0x30,
  0x30,0x30,0x00,0x00,0x00,0x00,0x00,0x00,0x66,0x66,0x66,0x66,0x66,0x00,0x00,0x00,
  0x00,0x00,0x00,0x00,0x00,0x00,0x00,0x00,0x00,0x00,0x00,0x00,0x36,0x36,0x36,0x7F,
  0x7F,0x36,0x36,0x7F,0x7F,0x36,0x36,0x36,0x00,0x00,0x00,0x00,0x00,0x08,0x08,0x3E,
  0x7F,0x6B,0x68,0x68,0x3C,0x1E,0x0B,0x0B,0x6B,0x7F,0x3E,0x08,0x08,0x00,0x00,0x00,
  0x00,0x70,0xD8,0xD9,0x73,0x06,0x0C,0x18,0x30,0x60,0xCE,0x9B,0x1B,0x0E,0x00,0x00,
  0x00,0x00,0x00,0x00,0x1C,0x3E,0x36,0x36,0x36,0x1C,0x3B,0x7F,0x66,0x66,0x66,0x7F,
  0x3B,0x00,0x00,0x00,0x00,0x00,0x00,0x18,0x18,0x18,0x18,0x38,0x30,0x00,0x00,0x00,
  0x00,0x00,0x00,0x00,0x00,0x00,0x00,0x00,0x00,0x00,0x06,0x0E,0x1C,0x18,0x38,0x30,
  0x30,0x30,0x30,0x38,0x18,0x1C,0x0E,0x06,0x00,0x00,0x00,0x00,0x00,0x30,0x38,0x1C,
  0x0C,0x0E,0x06,0x06,0x06,0x06,0x0E,0x0C,0x1C,0x38,0x30,0x00,0x00,0x00,0x00,0x00,
  0x00,0x00,0x66,0x7E,0x3C,0xFF,0xFF,0x3C,0x7E,0x66,0x00,0x00,0x00,0x00,0x00,0x00,
  0x00,0x00,0x00,0x00,0x00,0x18,0x18,0x18,0x7E,0x7E,0x18,0x18,0x18,0x00,0x00,0x00,
  0x00,0x00,0x00,0x00,0x00,0x00,0x00,0x00,0x00,0x00,0x00,0x00,0x00,0x00,0x00,0x00,
  0x18,0x18,0x18,0x18,0x38,0x30,0x00,0x00,0x00,0x00,0x00,0x00,0x00,0x00,0x7E,0x7E,
  0x00,0x00,0x00,0x00,0x00,0x00,0x00,0x00,0x00,0x00,0x00,0x00,0x00,0x00,0x00,0x00,
  0x00,0x00,0x00,0x00,0x00,0x00,0x38,0x38,0x38,0x00,0x00,0x00,0x00,0x00,0x00,0x03,
  0x03,0x07,0x06,0x0E,0x0C,0x1C,0x18,0x38,0x30,0x70,0x60,0x60,0x00,0x00,0x00,0x00,
  0x00,0x00,0x3E,0x7F,0x63,0x63,0x63,0x6B,0x6B,0x6B,0x63,0x63,0x63,0x7F,0x3E,0x00,
  0x00,0x00,0x00,0x00,0x00,0x0C,0x1C,0x3C,0x3C,0x0C,0x0C,0x0C,0x0C,0x0C,0x0C,0x0C,
  0x0C,0x0C,0x00,0x00,0x00,0x00,0x00,0x00,0x3E,0x7F,0x63,0x03,0x03,0x07,0x1E,0x3C,
  0x70,0x60,0x60,0x7F,0x7F,0x00,0x00,0x00,0x00,0x00,0x00,0x3E,0x7F,0x63,0x03,0x03,
  0x1E,0x1E,0x03,0x03,0x03,0x63,0x7F,0x3E,0x00,0x00,0x00,0x00,0x00,0x00,0x0E,0x0E,
  0x1E,0x1E,0x36,0x36,0x66,0x66,0x7F,0x7F,0x06,0x06,0x06,0x00,0x00,0x00,0x00,0x00,
  0x00,0x7F,0x7F,0x60,0x60,0x7E,0x7F,0x63,0x03,0x03,0x03,0x63,0x7F,0x3E,0x00,0x00,
  0x00,0x00,0x00,0x00,0x1E,0x3E,0x70,0x60,0x60,0x7E,0x7F,0x63,0x63,0x63,0x63,0x7F,
  0x3E,0x00,0x00,0x00,0x00,0x00,0x00,0x7F,0x7F,0x03,0x03,0x07,0x06,0x0E,0x0C,0x1C,
  0x18,0x38,0x30,0x30,0x00,0x00,0x00,0x00,0x00,0x00,0x3E,0x7F,0x63,0x63,0x63,0x3E,
  0x3E,0x63,0x63,0x63,0x63,0x7F,0x3E,0x00,0x00,0x00,0x00,0x00,0x00,0x3E,0x7F,0x63,
  0x63,0x63,0x63,0x7F,0x3F,0x03,0x03,0x07,0x3E,0x3C,0x00,0x00,0x00,0x00,0x00,0x00,
  0x00,0x00,0x00,0x30,0x30,0x30,0x00,0x00,0x00,0x30,0x30,0x30,0x00,0x00,0x00,0x00,
  0x00,0x00,0x00,0x00,0x00,0x00,0x18,0x18,0x18,0x00,0x00,0x00,0x00,0x18,0x18,0x18,
  0x18,0x38,0x30,0x00,0x00,0x00,0x00,0x03,0x07,0x0E,0x1C,0x38,0x70,0x38,0x1C,0x0E,
  0x07,0x03,0x00,0x00,0x00,0x00,0x00,0x00,0x00,0x00,0x00,0x00,0x7E,0x7E,0x00,0x00,
  0x00,0x7E,0x7E,0x00,0x00,0x00,0x00,0x00,0x00,0x00,0x00,0x00,0x00,0x60,0x70,0x38,
  0x1C,0x0E,0x07,0x0E,0x1C,0x38,0x70,0x60,0x00,0x00,0x00,0x00,0x00,0x00,0x00,0x3E,
  0x7F,0x63,0x03,0x07,0x0E,0x1C,0x18,0x00,0x00,0x18,0x18,0x18,0x00,0x00,0x00,0x00,
  0x00,0x00,0x1E,0x3F,0x73,0x67,0x6F,0x6B,0x6B,0x6B,0x6F,0x66,0x70,0x3E,0x1E,0x00,
  0x00,0x00,0x00,0x00,0x00,0x1C,0x3E,0x77,0x63,0x63,0x63,0x63,0x7F,0x7F,0x63,0x63,
  0x63,0x63,0x00,0x00,0x00,0x00,0x00,0x00,0x7E,0x7F,0x63,0x63,0x63,0x7E,0x7E,0x63,
  0x63,0x63,0x63,0x7F,0x7E,0x00,0x00,0x00,0x00,0x00,0x00,0x3E,0x7F,0x63,0x60,0x60,
  0x60,0x60,0x60,0x60,0x60,0x63,0x7F,0x3E,0x00,0x00,0x00,0x00,0x00,0x00,0x7C,0x7E,
  0x67,0x63,0x63,0x63,0x63,0x63,0x63,0x63,0x67,0x7E,0x7C,0x00,0x00,0x00,0x00,0x00,
  0x00,0x7F,0x7F,0x60,0x60,0x60,0x7C,0x7C,0x60,0x60,0x60,0x60,0x7F,0x7F,0x00,0x00,
  0x00,0x00,0x00,0x00,0x7F,0x7F,0x60,0x60,0x60,0x60,0x7C,0x7C,0x60,0x60,0x60,0x60,
  0x60,0x00,0x00,0x00,0x00,0x00,0x00,0x3E,0x7F,0x63,0x60,0x60,0x67,0x67,0x63,0x63,
  0x63,0x63,0x7F,0x3E,0x00,0x00,0x00,0x00,0x00,0x00,0x63,0x63,0x63,0x63,0x63,0x7F,
  0x7F,0x63,0x63,0x63,0x63,0x63,0x63,0x00,0x00,0x00,0x00,0x00,0x00,0x3C,0x3C,0x18,
  0x18,0x18,0x18,0x18,0x18,0x18,0x18,0x18,0x3C,0x3C,0x00,0x00,0x00,0x00,0x00,0x00,
  0x03,0x03,0x03,0x03,0x03,0x03,0x03,0x03,0x03,0x63,0x63,0x7F,0x3E,0x00,0x00,0x00,
  0x00,0x00,0x00,0x63,0x63,0x63,0x67,0x6E,0x7C,0x78,0x7C,0x6E,0x67,0x63,0x63,0x63,
  0x00,0x00,0x00,0x00,0x00,0x00,0x60,0x60,0x60,0x60,0x60,0x60,0x60,0x60,0x60,0x60,
  0x60,0x7F,0x7F,0x00,0x00,0x00,0x00,0x00,0x00,0x63,0x63,0x77,0x77,0x7F,0x7F,0x6B,
  0x6B,0x63,0x63,0x63,0x63,0x63,0x00,0x00,0x00,0x00,0x00,0x00,0x63,0x63,0x73,0x73,
  0x7B,0x7B,0x7F,0x6F,0x6F,0x67,0x67,0x63,0x63,0x00,0x00,0x00,0x00,0x00,0x00,0x3E,
  0x7F,0x63,0x63,0x63,0x63,0x63,0x63,0x63,0x63,0x63,0x7F,0x3E,0x00,0x00,0x00,0x00,
  0x00,0x00,0x7E,0x7F,0x63,0x63,0x63,0x63,0x7F,0x7E,0x60,0x60,0x60,0x60,0x60,0x00,
  0x00,0x00,0x00,0x00,0x00,0x3E,0x7F,0x63,0x63,0x63,0x63,0x63,0x63,0x63,0x6B,0x6F,
  0x7F,0x3E,0x07,0x03,0x00,0x00,0x00,0x00,0x7E,0x7F,0x63,0x63,0x63,0x67,0x7E,0x7E,
  0x67,0x63,0x63,0x63,0x63,0x00,0x00,0x00,0x00,0x00,0x00,0x3E,0x7F,0x63,0x60,0x70,
  0x38,0x1C,0x0E,0x07,0x03,0x63,0x7F,0x3E,0x00,0x00,0x00,0x00,0x00,0x00,0xFF,0xFF,
  0x18,0x18,0x18,0x18,0x18,0x18,0x18,0x18,0x18,0x18,0x18,0x00,0x00,0x00,0x00,0x00,
  0x00,0x63,0x63,0x63,0x63,0x63,0x63,0x63,0x63,0x63,0x63,0x63,0x7F,0x3E,0x00,0x00,
  0x00,0x00,0x00,0x00,0x63,0x63,0x63,0x63,0x63,0x63,0x63,0x63,0x77,0x36,0x3E,0x1C,
  0x08,0x00,0x00,0x00,0x00,0x00,0x00,0x63,0x63,0x63,0x63,0x63,0x6B,0x6B,0x7F,0x7F,
  0x77,0x77,0x63,0x63,0x00,0x00,0x00,0x00,0x00,0x00,0x63,0x63,0x63,0x63,0x77,0x3E,
  0x1C,0x3E,0x77,0x63,0x63,0x63,0x63,0x00,0x00,0x00,0x00,0x00,0x00,0x63,0x63,0x63,
  0x63,0x63,0x77,0x3F,0x1E,0x0C,0x0C,0x0C,0x0C,0x0C,0x00,0x00,0x00,0x00,0x00,0x00,
  0x7F,0x7F,0x06,0x06,0x0C,0x0C,0x18,0x18,0x30,0x30,0x60,0x7F,0x7F,0x00,0x00,0x00,
  0x00,0x00,0x00,0x1E,0x1E,0x18,0x18,0x18,0x18,0x18,0x18,0x18,0x18,0x18,0x1E,0x1E,
  0x00,0x00,0x00,0x00,0x00,0x00,0x60,0x60,0x70,0x30,0x38,0x18,0x1C,0x0C,0x0E,0x06,
  0x07,0x03,0x03,0x00,0x00,0x00,0x00,0x00,0x00,0x3C,0x3C,0x0C,0x0C,0x0C,0x0C,0x0C,
  0x0C,0x0C,0x0C,0x0C,0x3C,0x3C,0x00,0x00,0x00,0x00,0x00,0x00,0x08,0x1C,0x3E,0x77,
  0x63,0x00,0x00,0x00,0x00,0x00,0x00,0x00,0x00,0x00,0x00,0x00,0x00,0x00,0x00,0x00,
  0x00,0x00,0x00,0x00,0x00,0x00,0x00,0x00,0x00,0x00,0x00,0x00,0x00,0xFF,0xFF,0x00,
  0x00,0x00,0x0C,0x0C,0x0C,0x0E,0x06,0x00,0x00,0x00,0x00,0x00,0x00,0x00,0x00,0x00,
  0x00,0x00,0x00,0x00,0x00,0x00,0x00,0x00,0x00,0x3E,0x3F,0x03,0x3F,0x7F,0x63,0x63,
  0x7F,0x3F,0x00,0x00,0x00,0x00,0x00,0x00,0x60,0x60,0x60,0x60,0x7E,0x7F,0x63,0x63,
  0x63,0x63,0x63,0x7F,0x7E,0x00,0x00,0x00,0x00,0x00,0x00,0x00,0x00,0x00,0x00,0x3E,
  0x7F,0x63,0x60,0x60,0x60,0x63,0x7F,0x3E,0x00,0x00,0x00,0x00,0x00,0x00,0x03,0x03,
  0x03,0x03,0x3F,0x7F,0x63,0x63,0x63,0x63,0x63,0x7F,0x3F,0x00,0x00,0x00,0x00,0x00,
  0x00,0x00,0x00,0x00,0x00,0x3E,0x7F,0x63,0x7F,0x7F,0x60,0x63,0x7F,0x3E,0x00,0x00,
  0x00,0x00,0x00,0x00,0x0E,0x1F,0x1B,0x18,0x18,0x7E,0x7E,0x18,0x18,0x18,0x18,0x18,
  0x18,0x00,0x00,0x00,0x00,0x00,0x00,0x00,0x00,0x00,0x00,0x3F,0x7F,0x63,0x63,0x63,
  0x63,0x63,0x7F,0x3F,0x03,0x07,0x3E,0x3C,0x00,0x00,0x60,0x60,0x60,0x60,0x7E,0x7F,
  0x63,0x63,0x63,0x63,0x63,0x63,0x63,0x00,0x00,0x00,0x00,0x00,0x00,0x18,0x18,0x00,
  0x00,0x18,0x18,0x18,0x18,0x18,0x18,0x18,0x18,0x18,0x00,0x00,0x00,0x00,0x00,0x00,
  0x06,0x06,0x00,0x00,0x06,0x06,0x06,0x06,0x06,0x06,0x06,0x06,0x06,0x66,0x7E,0x3C,
  0x00,0x00,0x00,0x60,0x60,0x60,0x60,0x63,0x67,0x6E,0x7C,0x78,0x7C,0x6E,0x67,0x63,
  0x00,0x00,0x00,0x00,0x00,0x00,0x18,0x18,0x18,0x18,0x18,0x18,0x18,0x18,0x18,0x18,
  0x18,0x1C,0x0C,0x00,0x00,0x00,0x00,0x00,0x00,0x00,0x00,0x00,0x00,0x76,0x7F,0x7F,
  0x6B,0x6B,0x6B,0x6B,0x63,0x63,0x00,0x00,0x00,0x00,0x00,0x00,0x00,0x00,0x00,0x00,
  0x7E,0x7F,0x63,0x63,0x63,0x63,0x63,0x63,0x63,0x00,0x00,0x00,0x00,0x00,0x00,0x00,
  0x00,0x00,0x00,0x3E,0x7F,0x63,0x63,0x63,0x63,0x63,0x7F,0x3E,0x00,0x00,0x00,0x00,
  0x00,0x00,0x00,0x00,0x00,0x00,0x7E,0x7F,0x63,0x63,0x63,0x63,0x63,0x7F,0x7E,0x60,
  0x60,0x60,0x60,0x00,0x00,0x00,0x00,0x00,0x00,0x3F,0x7F,0x63,0x63,0x63,0x63,0x63,
  0x7F,0x3F,0x03,0x03,0x03,0x03,0x00,0x00,0x00,0x00,0x00,0x00,0x7E,0x7F,0x63,0x60,
  0x60,0x60,0x60,0x60,0x60,0x00,0x00,0x00,0x00,0x00,0x00,0x00,0x00,0x00,0x00,0x3E,
  0x7F,0x63,0x78,0x3E,0x0F,0x63,0x7F,0x3E,0x00,0x00,0x00,0x00,0x00,0x00,0x00,0x18,
  0x18,0x18,0x7E,0x7E,0x18,0x18,0x18,0x18,0x1B,0x1F,0x0E,0x00,0x00,0x00,0x00,0x00,
  0x00,0x00,0x00,0x00,0x00,0x63,0x63,0x63,0x63,0x63,0x63,0x63,0x7F,0x3F,0x00,0x00,
  0x00,0x00,0x00,0x00,0x00,0x00,0x00,0x00,0x63,0x63,0x63,0x63,0x63,0x77,0x3E,0x1C,
  0x08,0x00,0x00,0x00,0x00,0x00,0x00,0x00,0x00,0x00,0x00,0x63,0x63,0x6B,0x6B,0x6B,
  0x6B,0x7F,0x77,0x22,0x00,0x00,0x00,0x00,0x00,0x00,0x00,0x00,0x00,0x00,0x63,0x63,
  0x77,0x3E,0x1C,0x3E,0x77,0x63,0x63,0x00,0x00,0x00,0x00,0x00,0x00,0x00,0x00,0x00,
  0x00,0x63,0x63,0x63,0x63,0x63,0x63,0x63,0x7F,0x3F,0x03,0x07,0x3E,0x3C,0x00,0x00,
  0x00,0x00,0x00,0x00,0x7F,0x7F,0x07,0x0E,0x1C,0x38,0x70,0x7F,0x7F,0x00,0x00,0x00,
  0x00,0x00,0x00,0x0E,0x1E,0x18,0x18,0x18,0x18,0x70,0x18,0x18,0x18,0x18,0x1E,0x0E,
  0x00,0x00,0x00,0x00,0x00,0x18,0x18,0x18,0x18,0x18,0x18,0x18,0x18,0x18,0x18,0x18,
  0x18,0x18,0x18,0x18,0x00,0x00,0x00,0x00,0x00,0x38,0x3C,0x0C,0x0C,0x0C,0x0C,0x07,
  0x0C,0x0C,0x0C,0x0C,0x3C,0x38,0x00,0x00,0x00,0x00,0x00,0x00,0x00,0x3B,0x7F,0x6E,
  0x00,0x00,0x00,0x00,0x00,0x00,0x00,0x00,0x00,0x00,0x00,0x00,0x00,0x00,0x00,0x00,
  0x00,0x00,0x00,0x08,0x1C,0x3E,0x77,0x63,0x63,0x7F,0x7F,0x00,0x00,0x00,0x00,0x00,
  0x00,0x00,0x3E,0x7F,0x63,0x60,0x60,0x60,0x60,0x60,0x60,0x60,0x63,0x7F,0x3E,0x0C,
  0x18,0x70,0x00,0x00,0x00,0x63,0x63,0x00,0x00,0x63,0x63,0x63,0x63,0x63,0x63,0x63,
  0x7F,0x3F,0x00,0x00,0x00,0x00,0x00,0x00,0x06,0x0C,0x18,0x00,0x3E,0x7F,0x63,0x7F,
  0x7F,0x60,0x63,0x7F,0x3E,0x00,0x00,0x00,0x00,0x00,0x00,0x1C,0x36,0x63,0x00,0x3E,
  0x3F,0x03,0x3F,0x7F,0x63,0x63,0x7F,0x3F,0x00,0x00,0x00,0x00,0x00,0x00,0x63,0x63,
  0x00,0x00,0x3E,0x3F,0x03,0x3F,0x7F,0x63,0x63,0x7F,0x3F,0x00,0x00,0x00,0x00,0x00,
  0x00,0x30,0x18,0x0C,0x00,0x3E,0x3F,0x03,0x3F,0x7F,0x63,0x63,0x7F,0x3F,0x00,0x00,
  0x00,0x00,0x00,0x00,0x1C,0x36,0x1C,0x00,0x3E,0x3F,0x03,0x3F,0x7F,0x63,0x63,0x7F,
  0x3F,0x00,0x00,0x00,0x00,0x00,0x00,0x00,0x00,0x00,0x00,0x3E,0x7F,0x63,0x60,0x60,
  0x60,0x63,0x7F,0x3E,0x0C,0x18,0x70,0x00,0x00,0x00,0x1C,0x36,0x63,0x00,0x3E,0x7F,
  0x63,0x7F,0x7F,0x60,0x63,0x7F,0x3E,0x00,0x00,0x00,0x00,0x00,0x00,0x63,0x63,0x00,
  0x00,0x3E,0x7F,0x63,0x7F,0x7F,0x60,0x63,0x7F,0x3E,0x00,0x00,0x00,0x00,0x00,0x00,
  0x30,0x18,0x0C,0x00,0x3E,0x7F,0x63,0x7F,0x7F,0x60,0x63,0x7F,0x3E,0x00,0x00,0x00,
  0x00,0x00,0x00,0x66,0x66,0x00,0x00,0x18,0x18,0x18,0x18,0x18,0x18,0x18,0x18,0x18,
  0x00,0x00,0x00,0x00,0x00,0x00,0x18,0x3C,0x66,0x00,0x18,0x18,0x18,0x18,0x18,0x18,
  0x18,0x18,0x18,0x00,0x00,0x00,0x00,0x00,0x00,0x30,0x18,0x0C,0x00,0x0C,0x0C,0x0C,
  0x0C,0x0C,0x0C,0x0C,0x0C,0x0C,0x00,0x00,0x00,0x00,0x00,0x63,0x63,0x00,0x1C,0x3E,
  0x77,0x63,0x63,0x63,0x7F,0x7F,0x63,0x63,0x63,0x00,0x00,0x00,0x00,0x00,0x1C,0x36,
  0x1C,0x00,0x1C,0x3E,0x77,0x63,0x63,0x7F,0x7F,0x63,0x63,0x63,0x00,0x00,0x00,0x00,
  0x00,0x0C,0x18,0x30,0x00,0x7E,0x7E,0x60,0x60,0x7C,0x7C,0x60,0x60,0x7E,0x7E,0x00,
  0x00,0x00,0x00,0x00,0x00,0x00,0x00,0x00,0x00,0x7E,0x7F,0x1B,0x7F,0xFF,0xD8,0xD8,
  0xFF,0x7F,0x00,0x00,0x00,0x00,0x00,0x00,0x1F,0x3F,0x7C,0xEC,0xCC,0xCF,0xFF,0xFC,
  0xCC,0xCC,0xCC,0xCF,0xCF,0x00,0x00,0x00,0x00,0x00,0x00,0x1C,0x36,0x63,0x00,0x3E,
  0x7F,0x63,0x63,0x63,0x63,0x63,0x7F,0x3E,0x00,0x00,0x00,0x00,0x00,0x00,0x63,0x63,
  0x00,0x00,0x3E,0x7F,0x63,0x63,0x63,0x63,0x63,0x7F,0x3E,0x00,0x00,0x00,0x00,0x00,
  0x00,0x30,0x18,0x0C,0x00,0x3E,0x7F,0x63,0x63,0x63,0x63,0x63,0x7F,0x3E,0x00,0x00,
  0x00,0x00,0x00,0x00,0x1C,0x36,0x63,0x00,0x63,0x63,0x63,0x63,0x63,0x63,0x63,0x7F,
  0x3F,0x00,0x00,0x00,0x00,0x00,0x00,0x30,0x18,0x0C,0x00,0x63,0x63,0x63,0x63,0x63,
  0x63,0x63,0x7F,0x3F,0x00,0x00,0x00,0x00,0x00,0x00,0x63,0x63,0x00,0x00,0x63,0x63,
  0x63,0x63,0x63,0x63,0x63,0x7F,0x3F,0x03,0x07,0x3E,0x3C,0x00,0x63,0x63,0x00,0x3E,
  0x7F,0x63,0x63,0x63,0x63,0x63,0x63,0x63,0x7F,0x3E,0x00,0x00,0x00,0x00,0x00,0x63,
  0x63,0x00,0x63,0x63,0x63,0x63,0x63,0x63,0x63,0x63,0x63,0x7F,0x3E,0x00,0x00,0x00,
  0x00,0x00,0x00,0x0C,0x0C,0x0C,0x3E,0x7F,0x63,0x60,0x60,0x60,0x63,0x7F,0x3E,0x0C,
  0x0C,0x0C,0x00,0x00,0x00,0x00,0x1C,0x3E,0x36,0x30,0x30,0x78,0x78,0x30,0x30,0x30,
  0x33,0x7F,0x7E,0x00,0x00,0x00,0x00,0x00,0x00,0xC3,0xE7,0x7E,0x3C,0x18,0x18,0x7E,
  0x7E,0x18,0x7E,0x7E,0x18,0x18,0x00,0x00,0x00,0x00,0x00,0x00,0x7C,0x7E,0x66,0x66,
  0x7E,0x7C,0x66,0x6F,0x6F,0x66,0x66,0x67,0x63,0x00,0x00,0x00,0x00,0x00,0x00,0x0E,
  0x1F,0x1B,0x18,0x18,0x18,0x3C,0x3C,0x18,0x18,0x18,0x18,0xD8,0xF8,0x70,0x00,0x00,
  0x00,0x00,0x06,0x0C,0x18,0x00,0x3E,0x3F,0x03,0x3F,0x7F,0x63,0x63,0x7F,0x3F,0x00,
  0x00,0x00,0x00,0x00,0x00,0x06,0x0C,0x18,0x00,0x18,0x18,0x18,0x18,0x18,0x18,0x18,
  0x18,0x18,0x00,0x00,0x00,0x00,0x00,0x00,0x06,0x0C,0x18,0x00,0x3E,0x7F,0x63,0x63,
  0x63,0x63,0x63,0x7F,0x3E,0x00,0x00,0x00,0x00,0x00,0x00,0x06,0x0C,0x18,0x00,0x63,
  0x63,0x63,0x63,0x63,0x63,0x63,0x7F,0x3F,0x00,0x00,0x00,0x00,0x00,0x00,0x00,0x3B,
  0x6E,0x00,0x7E,0x7F,0x63,0x63,0x63,0x63,0x63,0x63,0x63,0x00,0x00,0x00,0x00,0x00,
  0x3B,0x6E,0x00,0x73,0x73,0x7B,0x7B,0x7F,0x6F,0x6F,0x67,0x67,0x63,0x63,0x00,0x00,
  0x00,0x00,0x00,0x00,0x3C,0x06,0x3E,0x66,0x66,0x3E,0x00,0x7E,0x7E,0x00,0x00,0x00,
  0x00,0x00,0x00,0x00,0x00,0x00,0x00,0x3C,0x66,0x66,0x66,0x66,0x3C,0x00,0x7E,0x7E,
  0x00,0x00,0x00,0x00,0x00,0x00,0x00,0x00,0x00,0x00,0x0C,0x0C,0x0C,0x00,0x00,0x0C,
  0x1C,0x38,0x70,0x60,0x63,0x7F,0x3E,0x00,0x00,0x00,0x00,0x00,0x00,0x00,0x00,0x00,
  0x00,0x00,0x00,0x7F,0x7F,0x60,0x60,0x60,0x60,0x00,0x00,0x00,0x00,0x00,0x00,0x00,
  0x00,0x00,0x00,0x00,0x00,0x00,0x7F,0x7F,0x03,0x03,0x03,0x03,0x00,0x00,0x00,0x00,
  0x00,0x00,0x18,0x38,0x18,0x18,0x18,0x18,0x18,0x00,0x7E,0x00,0x1C,0x36,0x06,0x0C,
  0x18,0x30,0x3E,0x00,0x00,0x18,0x38,0x18,0x18,0x18,0x18,0x18,0x00,0x7E,0x00,0x0C,
  0x1C,0x3C,0x6C,0x7E,0x0C,0x0C,0x00,0x00,0x00,0x18,0x18,0x18,0x00,0x00,0x18,0x18,
  0x18,0x18,0x18,0x18,0x18,0x18,0x00,0x00,0x00,0x00,0x00,0x00,0x00,0x00,0x00,0x1B,
  0x36,0x6C,0xD8,0x6C,0x36,0x1B,0x00,0x00,0x00,0x00,0x00,0x00,0x00,0x00,0x00,0x00,
  0x00,0x00,0xD8,0x6C,0x36,0x1B,0x36,0x6C,0xD8,0x00,0x00,0x00,0x00,0x00,0x00,0x00,
  0x11,0x44,0x11,0x44,0x11,0x44,0x11,0x44,0x11,0x44,0x11,0x44,0x11,0x44,0x11,0x44,
  0x11,0x44,0x11,0x55,0xAA,0x55,0xAA,0x55,0xAA,0x55,0xAA,0x55,0xAA,0x55,0xAA,0x55,
  0xAA,0x55,0xAA,0x55,0xAA,0x55,0xDD,0x77,0xDD,0x77,0xDD,0x77,0xDD,0x77,0xDD,0x77,
  0xDD,0x77,0xDD,0x77,0xDD,0x77,0xDD,0x77,0xDD,0x08,0x08,0x08,0x08,0x08,0x08,0x08,
  0x08,0x08,0x08,0x08,0x08,0x08,0x08,0x08,0x08,0x08,0x08,0x08,0x08,0x08,0x08,0x08,
  0x08,0x08,0x08,0x08,0x08,0xF8,0x08,0x08,0x08,0x08,0x08,0x08,0x08,0x08,0x08,0x08,
  0x08,0x08,0x08,0x08,0x08,0x08,0xF8,0xF8,0xF8,0xF8,0x08,0x08,0x08,0x08,0x08,0x08,
  0x08,0x08,0x3C,0x3C,0x3C,0x3C,0x3C,0x3C,0x3C,0x3C,0x3C,0xFC,0x3C,0x3C,0x3C,0x3C,
  0x3C,0x3C,0x3C,0x3C,0x3C,0x00,0x00,0x00,0x00,0x00,0x00,0x00,0x00,0x00,0xFC,0x3C,
  0x3C,0x3C,0x3C,0x3C,0x3C,0x3C,0x3C,0x3C,0x00,0x00,0x00,0x00,0x00,0x00,0x00,0xF8,
  0xF8,0xF8,0xF8,0x08,0x08,0x08,0x08,0x08,0x08,0x08,0x08,0x3C,0x3C,0x3C,0x3C,0x3C,
  0x3C,0x3C,0xFC,0xFC,0xFC,0xFC,0x3C,0x3C,0x3C,0x3C,0x3C,0x3C,0x3C,0x3C,0x3C,0x3C,
  0x3C,0x3C,0x3C,0x3C,0x3C,0x3C,0x3C,0x3C,0x3C,0x3C,0x3C,0x3C,0x3C,0x3C,0x3C,0x3C,
  0x3C,0x00,0x00,0x00,0x00,0x00,0x00,0x00,0xFC,0xFC,0xFC,0xFC,0x3C,0x3C,0x3C,0x3C,
  0x3C,0x3C,0x3C,0x3C,0x3C,0x3C,0x3C,0x3C,0x3C,0x3C,0x3C,0xFC,0xFC,0xFC,0xFC,0x00,
  0x00,0x00,0x00,0x00,0x00,0x00,0x00,0x3C,0x3C,0x3C,0x3C,0x3C,0x3C,0x3C,0x3C,0x3C,
  0xFC,0x00,0x00,0x00,0x00,0x00,0x00,0x00,0x00,0x00,0x08,0x08,0x08,0x08,0x08,0x08,
  0x08,0xF8,0xF8,0xF8,0xF8,0x00,0x00,0x00,0x00,0x00,0x00,0x00,0x00,0x00,0x00,0x00,
  0x00,0x00,0x00,0x00,0x00,0x00,0xF8,0x08,0x08,0x08,0x08,0x08,0x08,0x08,0x08,0x08,
  0x08,0x08,0x08,0x08,0x08,0x08,0x08,0x08,0x08,0x0F,0x00,0x00,0x00,0x00,0x00,0x00,
  0x00,0x00,0x00,0x08,0x08,0x08,0x08,0x08,0x08,0x08,0x08,0x08,0xFF,0x00,0x00,0x00,
  0x00,0x00,0x00,0x00,0x00,0x00,0x00,0x00,0x00,0x00,0x00,0x00,0x00,0x00,0x00,0xFF,
  0x08,0x08,0x08,0x08,0x08,0x08,0x08,0x08,0x08,0x08,0x08,0x08,0x08,0x08,0x08,0x08,
  0x08,0x08,0x0F,0x08,0x08,0x08,0x08,0x08,0x08,0x08,0x08,0x08,0x00,0x00,0x00,0x00,
  0x00,0x00,0x00,0x00,0x00,0xFF,0x00,0x00,0x00,0x00,0x00,0x00,0x00,0x00,0x00,0x08,
  0x08,0x08,0x08,0x08,0x08,0x08,0x08,0x08,0xFF,0x08,0x08,0x08,0x08,0x08,0x08,0x08,
  0x08,0x08,0x08,0x08,0x08,0x08,0x08,0x08,0x08,0x0F,0x0F,0x0F,0x0F,0x08,0x08,0x08,
  0x08,0x08,0x08,0x08,0x08,0x3C,0x3C,0x3C,0x3C,0x3C,0x3C,0x3C,0x3C,0x3C,0x3F,0x3C,
  0x3C,0x3C,0x3C,0x3C,0x3C,0x3C,0x3C,0x3C,0x3C,0x3C,0x3C,0x3C,0x3C,0x3C,0x3C,0x3F,
  0x3F,0x3F,0x3F,0x00,0x00,0x00,0x00,0x00,0x00,0x00,0x00,0x00,0x00,0x00,0x00,0x00,
  0x00,0x00,0x3F,0x3F,0x3F,0x3F,0x3C,0x3C,0x3C,0x3C,0x3C,0x3C,0x3C,0x3C,0x3C,0x3C,
  0x3C,0x3C,0x3C,0x3C,0x3C,0xFF,0xFF,0xFF,0xFF,0x00,0x00,0x00,0x00,0x00,0x00,0x00,
  0x00,0x00,0x00,0x00,0x00,0x00,0x00,0x00,0xFF,0xFF,0xFF,0xFF,0x3C,0x3C,0x3C,0x3C,
  0x3C,0x3C,0x3C,0x3C,0x3C,0x3C,0x3C,0x3C,0x3C,0x3C,0x3C,0x3F,0x3F,0x3F,0x3F,0x3C,
  0x3C,0x3C,0x3C,0x3C,0x3C,0x3C,0x3C,0x00,0x00,0x00,0x00,0x00,0x00,0x00,0xFF,0xFF,
  0xFF,0xFF,0x00,0x00,0x00,0x00,0x00,0x00,0x00,0x00,0x3C,0x3C,0x3C,0x3C,0x3C,0x3C,
  0x3C,0xFF,0xFF,0xFF,0xFF,0x3C,0x3C,0x3C,0x3C,0x3C,0x3C,0x3C,0x3C,0x08,0x08,0x08,
  0x08,0x08,0x08,0x08,0xFF,0xFF,0xFF,0xFF,0x00,0x00,0x00,0x00,0x00,0x00,0x00,0x00,
  0x3C,0x3C,0x3C,0x3C,0x3C,0x3C,0x3C,0x3C,0x3C,0xFF,0x00,0x00,0x00,0x00,0x00,0x00,
  0x00,0x00,0x00,0x00,0x00,0x00,0x00,0x00,0x00,0x00,0xFF,0xFF,0xFF,0xFF,0x08,0x08,
  0x08,0x08,0x08,0x08,0x08,0x08,0x00,0x00,0x00,0x00,0x00,0x00,0x00,0x00,0x00,0xFF,
  0x3C,0x3C,0x3C,0x3C,0x3C,0x3C,0x3C,0x3C,0x3C,0x3C,0x3C,0x3C,0x3C,0x3C,0x3C,0x3C,
  0x3C,0x3C,0x3F,0x00,0x00,0x00,0x00,0x00,0x00,0x00,0x00,0x00,0x08,0x08,0x08,0x08,
  0x08,0x08,0x08,0x0F,0x0F,0x0F,0x0F,0x00,0x00,0x00,0x00,0x00,0x00,0x00,0x00,0x00,
  0x00,0x00,0x00,0x00,0x00,0x00,0x0F,0x0F,0x0F,0x0F,0x08,0x08,0x08,0x08,0x08,0x08,
  0x08,0x08,0x00,0x00,0x00,0x00,0x00,0x00,0x00,0x00,0x00,0x3F,0x3C,0x3C,0x3C,0x3C,
  0x3C,0x3C,0x3C,0x3C,0x3C,0x3C,0x3C,0x3C,0x3C,0x3C,0x3C,0x3C,0x3C,0x3C,0xFF,0x3C,
  0x3C,0x3C,0x3C,0x3C,0x3C,0x3C,0x3C,0x3C,0x08,0x08,0x08,0x08,0x08,0x08,0x08,0xFF,
  0xFF,0xFF,0xFF,0x08,0x08,0x08,0x08,0x08,0x08,0x08,0x08,0x08,0x08,0x08,0x08,0x08,
  0x08,0x08,0x08,0x08,0xF8,0x00,0x00,0x00,0x00,0x00,0x00,0x00,0x00,0x00,0x00,0x00,
  0x00,0x00,0x00,0x00,0x00,0x00,0x00,0x0F,0x08,0x08,0x08,0x08,0x08,0x08,0x08,0x08,
  0x08,0xFF,0xFF,0xFF,0xFF,0xFF,0xFF,0xFF,0xFF,0xFF,0xFF,0xFF,0xFF,0xFF,0xFF,0xFF,
  0xFF,0xFF,0xFF,0xFF,0x00,0x00,0x00,0x00,0x00,0x00,0x00,0x00,0x00,0xFF,0xFF,0xFF,
  0xFF,0xFF,0xFF,0xFF,0xFF,0xFF,0xFF,0xF0,0xF0,0xF0,0xF0,0xF0,0xF0,0xF0,0xF0,0xF0,
  0xF0,0xF0,0xF0,0xF0,0xF0,0xF0,0xF0,0xF0,0xF0,0xF0,0x0F,0x0F,0x0F,0x0F,0x0F,0x0F,
  0x0F,0x0F,0x0F,0x0F,0x0F,0x0F,0x0F,0x0F,0x0F,0x0F,0x0F,0x0F,0x0F,0xFF,0xFF,0xFF,
  0xFF,0xFF,0xFF,0xFF,0xFF,0xFF,0x00,0x00,0x00,0x00,0x00,0x00,0x00,0x00,0x00,0x00,
  0x00,0x00,0x00,0x00,0x00,0x00,0x71,0xFB,0xDF,0xCE,0xCC,0xCE,0xDF,0xFB,0x71,0x00,
  0x00,0x00,0x00,0x00,0x00,0x3E,0x7F,0x63,0x63,0x66,0x6C,0x6E,0x67,0x63,0x63,0x63,
  0x6F,0x6E,0x60,0x60,0x60,0x00,0x00,0x00,0x7F,0x7F,0x63,0x60,0x60,0x60,0x60,0x60,
  0x60,0x60,0x60,0x60,0x60,0x00,0x00,0x00,0x00,0x00,0x00,0x00,0x00,0x00,0x00,0xFF,
  0xFF,0x66,0x66,0x66,0x66,0x66,0x67,0x63,0x00,0x00,0x00,0x00,0x00,0x00,0x7F,0x7F,
  0x63,0x70,0x38,0x1C,0x0E,0x1C,0x38,0x70,0x63,0x7F,0x7F,0x00,0x00,0x00,0x00,0x00,
  0x00,0x00,0x00,0x00,0x00,0x7F,0xFF,0xCC,0xCC,0xCC,0xCC,0xCC,0xFC,0x78,0x00,0x00,
  0x00,0x00,0x00,0x00,0x00,0x00,0x00,0x00,0x66,0x66,0x66,0x66,0x66,0x66,0x66,0x7F,
  0x7F,0x60,0xE0,0xC0,0x00,0x00,0x00,0x00,0x00,0x00,0x00,0x3F,0x7F,0x6C,0x0C,0x0C,
  0x0C,0x0C,0x0E,0x06,0x00,0x00,0x00,0x00,0x00,0x00,0x3C,0x3C,0x18,0x3C,0x7E,0xDB,
  0xDB,0xDB,0x7E,0x3C,0x18,0x3C,0x3C,0x00,0x00,0x00,0x00,0x00,0x00,0x3E,0x7F,0x63,
  0x63,0x63,0x67,0x7F,0x73,0x63,0x63,0x63,0x7F,0x3E,0x00,0x00,0x00,0x00,0x00,0x00,
  0x3E,0x7F,0x63,0x63,0x63,0x63,0x63,0x63,0x77,0x36,0x36,0x77,0x77,0x00,0x00,0x00,
  0x00,0x00,0x00,0x1E,0x3E,0x30,0x38,0x1C,0x3E,0x77,0x63,0x63,0x63,0x63,0x7F,0x3E,
  0x00,0x00,0x00,0x00,0x00,0x00,0x00,0x00,0x00,0x76,0xFF,0xDB,0xDB,0xDB,0xFF,0x6E,
  0x00,0x00,0x00,0x00,0x00,0x00,0x00,0x00,0x00,0x0C,0x0C,0x0C,0x7E,0xFF,0xDB,0xDB,
  0xDB,0xFF,0x7E,0x30,0x30,0x30,0x00,0x00,0x00,0x00,0x00,0x00,0x1E,0x3E,0x70,0x60,
  0x60,0x7E,0x7E,0x60,0x60,0x60,0x70,0x3E,0x1E,0x00,0x00,0x00,0x00,0x00,0x00,0x3E,
  0x7F,0x63,0x63,0x63,0x63,0x63,0x63,0x63,0x63,0x63,0x63,0x63,0x00,0x00,0x00,0x00,
  0x00,0x00,0x00,0x7F,0x7F,0x00,0x00,0x7F,0x7F,0x00,0x00,0x7F,0x7F,0x00,0x00,0x00,
  0x00,0x00,0x00,0x00,0x00,0x00,0x18,0x18,0x18,0x7E,0x7E,0x18,0x18,0x18,0x00,0x7E,
  0x7E,0x00,0x00,0x00,0x00,0x00,0x00,0x00,0x00,0x30,0x38,0x1C,0x0E,0x0E,0x1C,0x38,
  0x30,0x00,0x7E,0x7E,0x00,0x00,0x00,0x00,0x00,0x00,0x00,0x00,0x0C,0x1C,0x38,0x70,
  0x70,0x38,0x1C,0x0C,0x00,0x7E,0x7E,0x00,0x00,0x00,0x00,0x00,0x00,0x00,0x0E,0x1F,
  0x1B,0x1B,0x18,0x18,0x18,0x18,0x18,0x18,0x18,0x18,0x18,0x18,0x18,0x18,0x18,0x18,
  0x18,0x18,0x18,0x18,0x18,0x18,0x18,0x18,0x18,0x18,0xD8,0xD8,0xF8,0x70,0x00,0x00,
  0x00,0x00,0x00,0x00,0x00,0x1C,0x1C,0x1C,0x00,0x7F,0x7F,0x00,0x1C,0x1C,0x1C,0x00,
  0x00,0x00,0x00,0x00,0x00,0x00,0x00,0x00,0x00,0x00,0x73,0xFF,0xCE,0x00,0x00,0x73,
  0xFF,0xCE,0x00,0x00,0x00,0x00,0x00,0x00,0x00,0x00,0x3C,0x7E,0x66,0x66,0x7E,0x3C,
  0x00,0x00,0x00,0x00,0x00,0x00,0x00,0x00,0x00,0x00,0x00,0x00,0x00,0x00,0x00,0x00,
  0x00,0x00,0x00,0x1C,0x1C,0x1C,0x00,0x00,0x00,0x00,0x00,0x00,0x00,0x00,0x00,0x00,
  0x00,0x00,0x00,0x00,0x00,0x00,0x00,0x18,0x18,0x00,0x00,0x00,0x00,0x00,0x00,0x00,
  0x00,0x00,0x00,0x0F,0x0F,0x0C,0x0C,0x0C,0x0C,0x0C,0xCC,0xEC,0x7C,0x3C,0x1C,0x0C,
  0x00,0x00,0x00,0x00,0x00,0x00,0x3E,0x3F,0x33,0x33,0x33,0x33,0x33,0x33,0x00,0x00,
  0x00,0x00,0x00,0x00,0x00,0x00,0x00,0x00,0x00,0x1C,0x3E,0x36,0x0E,0x1C,0x38,0x3E,
  0x3E,0x00,0x00,0x00,0x00,0x00,0x00,0x00,0x00,0x00,0x00,0x00,0x00,0x00,0x3E,0x3E,
  0x3E,0x3E,0x3E,0x3E,0x3E,0x3E,0x3E,0x00,0x00,0x00,0x00,0x00,0x00,0x00,0x00,0x00,
  0x00,0x00,0x00,0x00,0x00,0x00,0x00,0x00,0x00,0x00,0x00,0x00,0x00,0x00,0x00,0x00
};

const unsigned char far md_h3_font[4864]={
  0x00,0x00,0x00,0x00,0x00,0x00,0x00,0x00,0x00,0x00,0x00,0x00,0x00,0x00,0x00,0x00,
  0x00,0x00,0x00,0x00,0x00,0x7E,0x81,0x81,0xA5,0xA5,0x81,0x81,0x81,0xBD,0xBD,0x99,
  0x81,0x81,0x7E,0x00,0x00,0x00,0x00,0x00,0x7E,0xFF,0xFF,0xDB,0xDB,0xFF,0xFF,0xFF,
  0xC3,0xC3,0xE7,0xFF,0xFF,0x7E,0x00,0x00,0x00,0x00,0x00,0x00,0x36,0x36,0x7F,0x7F,
  0x7F,0x7F,0x3E,0x3E,0x1C,0x1C,0x08,0x08,0x00,0x00,0x00,0x00,0x00,0x00,0x08,0x08,
  0x1C,0x1C,0x3E,0x3E,0x7F,0x3E,0x3E,0x1C,0x1C,0x08,0x08,0x00,0x00,0x00,0x00,0x00,
  0x00,0x1C,0x1C,0x1C,0x08,0x6B,0x6B,0x7F,0x6B,0x6B,0x08,0x08,0x1C,0x3E,0x00,0x00,
  0x00,0x00,0x00,0x00,0x08,0x08,0x1C,0x1C,0x3E,0x3E,0x7F,0x7F,0x3E,0x08,0x08,0x1C,
  0x3E,0x00,0x00,0x00,0x00,0x00,0x00,0x00,0x00,0x00,0x00,0x00,0x18,0x3C,0x3C,0x3C,
  0x18,0x00,0x00,0x00,0x00,0x00,0x00,0x00,0xFF,0xFF,0xFF,0xFF,0xFF,0xFF,0xFF,0xE7,
  0xC3,0xC3,0xC3,0xE7,0xFF,0xFF,0xFF,0xFF,0xFF,0xFF,0xFF,0x00,0x00,0x00,0x00,0x00,
  0x00,0x3C,0x66,0x42,0x42,0x42,0x66,0x3C,0x00,0x00,0x00,0x00,0x00,0x00,0xFF,0xFF,
  0xFF,0xFF,0xFF,0xFF,0xC3,0x99,0xBD,0xBD,0xBD,0x99,0xC3,0xFF,0xFF,0xFF,0xFF,0xFF,
  0xFF,0x00,0x00,0x00,0x0F,0x03,0x05,0x09,0x10,0x38,0x44,0x82,0x82,0x82,0x44,0x38,
  0x00,0x00,0x00,0x00,0x00,0x00,0x00,0x1C,0x22,0x41,0x41,0x41,0x22,0x1C,0x08,0x08,
  0x3E,0x08,0x08,0x00,0x00,0x00,0x00,0x00,0x00,0x08,0x0C,0x0E,0x0F,0x0B,0x0A,0x08,
  0x08,0x08,0x18,0x38,0x78,0x70,0x00,0x00,0x00,0x00,0x00,0x00,0x3F,0x21,0x21,0x3F,
  0x21,0x21,0x21,0x21,0x23,0x67,0xE7,0xE6,0xC0,0x00,0x00,0x00,0x00,0x00,0x00,0x08,
  0x08,0x49,0x2A,0x1C,0x14,0x77,0x14,0x1C,0x2A,0x49,0x08,0x08,0x00,0x00,0x00,0x00,
  0x00,0x00,0x00,0x80,0xC0,0xE0,0xF0,0xFC,0xFF,0xFC,0xF0,0xE0,0xC0,0x80,0x00,0x00,
  0x00,0x00,0x00,0x00,0x00,0x00,0x01,0x03,0x07,0x0F,0x3F,0xFF,0x3F,0x0F,0x07,0x03,
  0x01,0x00,0x00,0x00,0x00,0x00,0x00,0x00,0x08,0x1C,0x3E,0x7F,0x08,0x08,0x08,0x08,
  0x08,0x7F,0x3E,0x1C,0x08,0x00,0x00,0x00,0x00,0x00,0x00,0x22,0x22,0x22,0x22,0x22,
  0x22,0x22,0x22,0x00,0x00,0x22,0x22,0x22,0x00,0x00,0x00,0x00,0x00,0x00,0x3F,0x7A,
  0x7A,0x7A,0x7A,0x3A,0x0A,0x0A,0x0A,0x0A,0x0A,0x0A,0x0A,0x00,0x00,0x00,0x00,0x00,
  0x00,0x3C,0x42,0x40,0x20,0x18,0x24,0x42,0x42,0x24,0x18,0x04,0x02,0x42,0x3C,0x00,
  0x00,0x00,0x00,0x00,0x00,0x00,0x00,0x00,0x00,0x00,0x00,0x00,0x00,0x7F,0x7F,0x7F,
  0x7F,0x00,0x00,0x00,0x00,0x00,0x00,0x08,0x1C,0x3E,0x7F,0x08,0x08,0x08,0x08,0x08,
  0x7F,0x3E,0x1C,0x08,0x7F,0x00,0x00,0x00,0x00,0x00,0x08,0x1C,0x3E,0x7F,0x08,0x08,
  0x08,0x08,0x08,0x08,0x08,0x08,0x08,0x00,0x00,0x00,0x00,0x00,0x00,0x08,0x08,0x08,
  0x08,0x08,0x08,0x08,0x08,0x08,0x7F,0x3E,0x1C,0x08,0x00,0x00,0x00,0x00,0x00,0x00,
  0x00,0x00,0x00,0x08,0x0C,0x0E,0xFF,0x0E,0x0C,0x08,0x00,0x00,0x00,0x00,0x00,0x00,
  0x00,0x00,0x00,0x00,0x00,0x00,0x10,0x30,0x70,0xFF,0x70,0x30,0x10,0x00,0x00,0x00,
  0x00,0x00,0x00,0x00,0x00,0x00,0x00,0x00,0x00,0x00,0x40,0x40,0x40,0x40,0x7F,0x00,
  0x00,0x00,0x00,0x00,0x00,0x00,0x00,0x00,0x00,0x00,0x00,0x24,0x24,0x66,0x66,0xFF,
  0x66,0x66,0x24,0x24,0x00,0x00,0x00,0x00,0x00,0x00,0x00,0x00,0x00,0x00,0x18,0x18,
  0x3C,0x3C,0x7E,0x7E,0xFF,0xFF,0x00,0x00,0x00,0x00,0x00,0x00,0x00,0x00,0x00,0x00,
  0x00,0xFF,0xFF,0x7E,0x7E,0x3C,0x3C,0x18,0x18,0x00,0x00,0x00,0x00,0x00,0x00,0x00,
  0x00,0x00,0x00,0x00,0x00,0x00,0x00,0x00,0x00,0x00,0x00,0x00,0x00,0x00,0x00,0x00,
  0x00,0x00,0x00,0x00,0x00,0x10,0x10,0x10,0x10,0x10,0x10,0x10,0x10,0x00,0x00,0x10,
  0x10,0x10,0x00,0x00,0x00,0x00,0x00,0x00,0x24,0x24,0x24,0x24,0x24,0x00,0x00,0x00,
  0x00,0x00,0x00,0x00,0x00,0x00,0x00,0x00,0x00,0x00,0x00,0x00,0x00,0x24,0x24,0x24,
  0x7E,0x24,0x24,0x24,0x7E,0x24,0x24,0x24,0x00,0x00,0x00,0x00,0x00,0x08,0x08,0x3E,
  0x49,0x48,0x48,0x48,0x38,0x0E,0x09,0x09,0x09,0x49,0x3E,0x08,0x08,0x00,0x00,0x00,
  0x00,0x30,0x48,0x48,0x49,0x32,0x04,0x08,0x10,0x26,0x49,0x09,0x09,0x06,0x00,0x00,
  0x00,0x00,0x00,0x00,0x1C,0x22,0x22,0x22,0x14,0x08,0x18,0x25,0x42,0x42,0x42,0x46,
  0x39,0x00,0x00,0x00,0x00,0x00,0x00,0x10,0x10,0x10,0x10,0x20,0x00,0x00,0x00,0x00,
  0x00,0x00,0x00,0x00,0x00,0x00,0x00,0x00,0x00,0x00,0x02,0x04,0x08,0x08,0x10,0x10,
  0x10,0x10,0x10,0x08,0x08,0x04,0x02,0x00,0x00,0x00,0x00,0x00,0x00,0x20,0x10,0x08,
  0x08,0x04,0x04,0x04,0x04,0x04,0x08,0x08,0x10,0x20,0x00,0x00,0x00,0x00,0x00,0x00,
  0x00,0x00,0x00,0x22,0x14,0x08,0x7F,0x08,0x14,0x22,0x00,0x00,0x00,0x00,0x00,0x00,
  0x00,0x00,0x00,0x00,0x00,0x00,0x08,0x08,0x08,0x3E,0x08,0x08,0x08,0x00,0x00,0x00,
  0x00,0x00,0x00,0x00,0x00,0x00,0x00,0x00,0x00,0x00,0x00,0x00,0x00,0x00,0x00,0x00,
  0x10,0x10,0x10,0x10,0x20,0x00,0x00,0x00,0x00,0x00,0x00,0x00,0x00,0x00,0x00,0x7E,
  0x00,0x00,0x00,0x00,0x00,0x00,0x00,0x00,0x00,0x00,0x00,0x00,0x00,0x00,0x00,0x00,
  0x00,0x00,0x00,0x00,0x00,0x00,0x00,0x30,0x30,0x00,0x00,0x00,0x00,0x00,0x00,0x01,
  0x01,0x02,0x02,0x04,0x04,0x08,0x08,0x10,0x10,0x20,0x20,0x40,0x40,0x00,0x00,0x00,
  0x00,0x00,0x3C,0x42,0x42,0x42,0x42,0x5A,0x5A,0x5A,0x42,0x42,0x42,0x42,0x3C,0x00,
  0x00,0x00,0x00,0x00,0x00,0x08,0x18,0x28,0x08,0x08,0x08,0x08,0x08,0x08,0x08,0x08,
  0x08,0x08,0x00,0x00,0x00,0x00,0x00,0x00,0x3C,0x42,0x42,0x02,0x02,0x02,0x04,0x18,
  0x20,0x40,0x40,0x40,0x7E,0x00,0x00,0x00,0x00,0x00,0x00,0x3C,0x42,0x42,0x02,0x02,
  0x02,0x1C,0x02,0x02,0x02,0x42,0x42,0x3C,0x00,0x00,0x00,0x00,0x00,0x00,0x0C,0x0C,
  0x14,0x14,0x24,0x24,0x44,0x44,0x7E,0x04,0x04,0x04,0x04,0x00,0x00,0x00,0x00,0x00,
  0x00,0x7E,0x40,0x40,0x40,0x40,0x7C,0x42,0x02,0x02,0x02,0x42,0x42,0x3C,0x00,0x00,
  0x00,0x00,0x00,0x00,0x1C,0x20,0x40,0x40,0x40,0x7C,0x42,0x42,0x42,0x42,0x42,0x42,
  0x3C,0x00,0x00,0x00,0x00,0x00,0x00,0x7E,0x02,0x02,0x02,0x04,0x04,0x08,0x08,0x10,
  0x10,0x20,0x20,0x20,0x00,0x00,0x00,0x00,0x00,0x00,0x3C,0x42,0x42,0x42,0x42,0x24,
  0x18,0x24,0x42,0x42,0x42,0x42,0x3C,0x00,0x00,0x00,0x00,0x00,0x00,0x3C,0x42,0x42,
  0x42,0x42,0x42,0x42,0x3E,0x02,0x02,0x02,0x04,0x38,0x00,0x00,0x00,0x00,0x00,0x00,
  0x00,0x00,0x00,0x00,0x10,0x10,0x00,0x00,0x00,0x00,0x10,0x10,0x00,0x00,0x00,0x00,
  0x00,0x00,0x00,0x00,0x00,0x00,0x00,0x10,0x10,0x00,0x00,0x00,0x00,0x00,0x10,0x10,
  0x10,0x10,0x20,0x00,0x00,0x00,0x00,0x02,0x04,0x08,0x10,0x20,0x40,0x20,0x10,0x08,
  0x04,0x02,0x00,0x00,0x00,0x00,0x00,0x00,0x00,0x00,0x00,0x00,0x00,0x7E,0x00,0x00,
  0x00,0x7E,0x00,0x00,0x00,0x00,0x00,0x00,0x00,0x00,0x00,0x00,0x00,0x20,0x10,0x08,
  0x04,0x02,0x01,0x02,0x04,0x08,0x10,0x20,0x00,0x00,0x00,0x00,0x00,0x00,0x00,0x3C,
  0x42,0x42,0x02,0x04,0x08,0x10,0x10,0x10,0x00,0x00,0x10,0x10,0x00,0x00,0x00,0x00,
  0x00,0x00,0x1C,0x22,0x42,0x46,0x4A,0x4A,0x4A,0x4A,0x4A,0x44,0x40,0x20,0x1C,0x00,
  0x00,0x00,0x00,0x00,0x00,0x18,0x24,0x42,0x42,0x42,0x42,0x42,0x7E,0x42,0x42,0x42,
  0x42,0x42,0x00,0x00,0x00,0x00,0x00,0x00,0x7C,0x42,0x42,0x42,0x42,0x44,0x78,0x44,
  0x42,0x42,0x42,0x42,0x7C,0x00,0x00,0x00,0x00,0x00,0x00,0x3C,0x42,0x42,0x40,0x40,
  0x40,0x40,0x40,0x40,0x40,0x42,0x42,0x3C,0x00,0x00,0x00,0x00,0x00,0x00,0x78,0x44,
  0x42,0x42,0x42,0x42,0x42,0x42,0x42,0x42,0x42,0x44,0x78,0x00,0x00,0x00,0x00,0x00,
  0x00,0x7E,0x40,0x40,0x40,0x40,0x40,0x78,0x40,0x40,0x40,0x40,0x40,0x7E,0x00,0x00,
  0x00,0x00,0x00,0x00,0x7E,0x40,0x40,0x40,0x40,0x40,0x78,0x40,0x40,0x40,0x40,0x40,
  0x40,0x00,0x00,0x00,0x00,0x00,0x00,0x3C,0x42,0x42,0x40,0x40,0x40,0x4E,0x42,0x42,
  0x42,0x42,0x42,0x3C,0x00,0x00,0x00,0x00,0x00,0x00,0x42,0x42,0x42,0x42,0x42,0x42,
  0x7E,0x42,0x42,0x42,0x42,0x42,0x42,0x00,0x00,0x00,0x00,0x00,0x00,0x1C,0x08,0x08,
  0x08,0x08,0x08,0x08,0x08,0x08,0x08,0x08,0x08,0x1C,0x00,0x00,0x00,0x00,0x00,0x00,
  0x02,0x02,0x02,0x02,0x02,0x02,0x02,0x02,0x02,0x42,0x42,0x42,0x3C,0x00,0x00,0x00,
  0x00,0x00,0x00,0x42,0x42,0x42,0x44,0x48,0x50,0x60,0x50,0x48,0x44,0x42,0x42,0x42,
  0x00,0x00,0x00,0x00,0x00,0x00,0x40,0x40,0x40,0x40,0x40,0x40,0x40,0x40,0x40,0x40,
  0x40,0x40,0x7E,0x00,0x00,0x00,0x00,0x00,0x00,0x41,0x63,0x63,0x55,0x55,0x49,0x49,
  0x41,0x41,0x41,0x41,0x41,0x41,0x00,0x00,0x00,0x00,0x00,0x00,0x42,0x42,0x62,0x62,
  0x52,0x52,0x4A,0x4A,0x46,0x46,0x42,0x42,0x42,0x00,0x00,0x00,0x00,0x00,0x00,0x3C,
  0x42,0x42,0x42,0x42,0x42,0x42,0x42,0x42,0x42,0x42,0x42,0x3C,0x00,0x00,0x00,0x00,
  0x00,0x00,0x7C,0x42,0x42,0x42,0x42,0x42,0x7C,0x40,0x40,0x40,0x40,0x40,0x40,0x00,
  0x00,0x00,0x00,0x00,0x00,0x3C,0x42,0x42,0x42,0x42,0x42,0x42,0x42,0x42,0x42,0x52,
  0x4A,0x3C,0x04,0x02,0x00,0x00,0x00,0x00,0x7C,0x42,0x42,0x42,0x42,0x44,0x78,0x44,
  0x42,0x42,0x42,0x42,0x42,0x00,0x00,0x00,0x00,0x00,0x00,0x3C,0x42,0x42,0x40,0x40,
  0x20,0x18,0x04,0x02,0x02,0x42,0x42,0x3C,0x00,0x00,0x00,0x00,0x00,0x00,0x7F,0x08,
  0x08,0x08,0x08,0x08,0x08,0x08,0x08,0x08,0x08,0x08,0x08,0x00,0x00,0x00,0x00,0x00,
  0x00,0x42,0x42,0x42,0x42,0x42,0x42,0x42,0x42,0x42,0x42,0x42,0x42,0x3C,0x00,0x00,
  0x00,0x00,0x00,0x00,0x42,0x42,0x42,0x42,0x42,0x42,0x42,0x42,0x42,0x24,0x24,0x18,
  0x18,0x00,0x00,0x00,0x00,0x00,0x00,0x41,0x41,0x41,0x41,0x41,0x41,0x49,0x49,0x55,
  0x55,0x63,0x63,0x41,0x00,0x00,0x00,0x00,0x00,0x00,0x42,0x42,0x42,0x42,0x42,0x24,
  0x18,0x24,0x42,0x42,0x42,0x42,0x42,0x00,0x00,0x00,0x00,0x00,0x00,0x41,0x41,0x41,
  0x41,0x41,0x22,0x14,0x08,0x08,0x08,0x08,0x08,0x08,0x00,0x00,0x00,0x00,0x00,0x00,
  0x7E,0x02,0x02,0x04,0x04,0x08,0x08,0x10,0x10,0x20,0x20,0x40,0x7E,0x00,0x00,0x00,
  0x00,0x00,0x00,0x0E,0x08,0x08,0x08,0x08,0x08,0x08,0x08,0x08,0x08,0x08,0x08,0x0E,
  0x00,0x00,0x00,0x00,0x00,0x00,0x40,0x40,0x20,0x20,0x10,0x10,0x08,0x08,0x04,0x04,
  0x02,0x02,0x01,0x01,0x00,0x00,0x00,0x00,0x00,0x38,0x08,0x08,0x08,0x08,0x08,0x08,
  0x08,0x08,0x08,0x08,0x08,0x38,0x00,0x00,0x00,0x00,0x00,0x00,0x08,0x14,0x22,0x41,
  0x00,0x00,0x00,0x00,0x00,0x00,0x00,0x00,0x00,0x00,0x00,0x00,0x00,0x00,0x00,0x00,
  0x00,0x00,0x00,0x00,0x00,0x00,0x00,0x00,0x00,0x00,0x00,0x00,0x00,0x00,0xFF,0x00,
  0x00,0x08,0x08,0x08,0x08,0x04,0x00,0x00,0x00,0x00,0x00,0x00,0x00,0x00,0x00,0x00,
  0x00,0x00,0x00,0x00,0x00,0x00,0x00,0x00,0x00,0x00,0x3C,0x02,0x02,0x3E,0x42,0x42,
  0x46,0x3A,0x00,0x00,0x00,0x00,0x00,0x00,0x40,0x40,0x40,0x40,0x40,0x78,0x44,0x42,
  0x42,0x42,0x42,0x44,0x78,0x00,0x00,0x00,0x00,0x00,0x00,0x00,0x00,0x00,0x00,0x00,
  0x1C,0x22,0x40,0x40,0x40,0x40,0x22,0x1C,0x00,0x00,0x00,0x00,0x00,0x00,0x02,0x02,
  0x02,0x02,0x02,0x1E,0x22,0x42,0x42,0x42,0x42,0x22,0x1E,0x00,0x00,0x00,0x00,0x00,
  0x00,0x00,0x00,0x00,0x00,0x00,0x3C,0x42,0x42,0x7E,0x40,0x40,0x42,0x3C,0x00,0x00,
  0x00,0x00,0x00,0x00,0x0C,0x12,0x10,0x10,0x10,0x10,0x7C,0x10,0x10,0x10,0x10,0x10,
  0x10,0x00,0x00,0x00,0x00,0x00,0x00,0x00,0x00,0x00,0x00,0x00,0x1E,0x22,0x42,0x42,
  0x42,0x42,0x22,0x1E,0x02,0x02,0x04,0x38,0x00,0x00,0x40,0x40,0x40,0x40,0x40,0x7C,
  0x42,0x42,0x42,0x42,0x42,0x42,0x42,0x00,0x00,0x00,0x00,0x00,0x00,0x10,0x10,0x00,
  0x00,0x00,0x10,0x10,0x10,0x10,0x10,0x10,0x10,0x10,0x00,0x00,0x00,0x00,0x00,0x00,
  0x04,0x04,0x00,0x00,0x00,0x04,0x04,0x04,0x04,0x04,0x04,0x04,0x04,0x44,0x44,0x38,
  0x00,0x00,0x00,0x40,0x40,0x40,0x40,0x40,0x42,0x44,0x48,0x50,0x70,0x48,0x44,0x42,
  0x00,0x00,0x00,0x00,0x00,0x00,0x10,0x10,0x10,0x10,0x10,0x10,0x10,0x10,0x10,0x10,
  0x10,0x10,0x08,0x00,0x00,0x00,0x00,0x00,0x00,0x00,0x00,0x00,0x00,0x00,0x76,0x49,
  0x49,0x49,0x49,0x49,0x49,0x49,0x00,0x00,0x00,0x00,0x00,0x00,0x00,0x00,0x00,0x00,
  0x00,0x5C,0x62,0x42,0x42,0x42,0x42,0x42,0x42,0x00,0x00,0x00,0x00,0x00,0x00,0x00,
  0x00,0x00,0x00,0x00,0x3C,0x42,0x42,0x42,0x42,0x42,0x42,0x3C,0x00,0x00,0x00,0x00,
  0x00,0x00,0x00,0x00,0x00,0x00,0x00,0x78,0x44,0x42,0x42,0x42,0x42,0x44,0x78,0x40,
  0x40,0x40,0x40,0x00,0x00,0x00,0x00,0x00,0x00,0x00,0x1E,0x22,0x42,0x42,0x42,0x42,
  0x22,0x1E,0x02,0x02,0x02,0x02,0x00,0x00,0x00,0x00,0x00,0x00,0x00,0x5C,0x62,0x40,
  0x40,0x40,0x40,0x40,0x40,0x00,0x00,0x00,0x00,0x00,0x00,0x00,0x00,0x00,0x00,0x00,
  0x3C,0x42,0x40,0x30,0x0C,0x02,0x42,0x3C,0x00,0x00,0x00,0x00,0x00,0x00,0x00,0x10,
  0x10,0x10,0x10,0x7C,0x10,0x10,0x10,0x10,0x10,0x12,0x0C,0x00,0x00,0x00,0x00,0x00,
  0x00,0x00,0x00,0x00,0x00,0x00,0x42,0x42,0x42,0x42,0x42,0x42,0x46,0x3A,0x00,0x00,
  0x00,0x00,0x00,0x00,0x00,0x00,0x00,0x00,0x00,0x42,0x42,0x42,0x42,0x42,0x24,0x24,
  0x18,0x00,0x00,0x00,0x00,0x00,0x00,0x00,0x00,0x00,0x00,0x00,0x41,0x41,0x41,0x49,
  0x49,0x49,0x49,0x36,0x00,0x00,0x00,0x00,0x00,0x00,0x00,0x00,0x00,0x00,0x00,0x42,
  0x42,0x24,0x18,0x18,0x24,0x42,0x42,0x00,0x00,0x00,0x00,0x00,0x00,0x00,0x00,0x00,
  0x00,0x00,0x42,0x42,0x42,0x42,0x42,0x42,0x42,0x3E,0x02,0x02,0x04,0x38,0x00,0x00,
  0x00,0x00,0x00,0x00,0x00,0x7E,0x02,0x04,0x08,0x10,0x20,0x40,0x7E,0x00,0x00,0x00,
  0x00,0x00,0x00,0x06,0x08,0x08,0x08,0x08,0x08,0x30,0x08,0x08,0x08,0x08,0x08,0x06,
  0x00,0x00,0x00,0x00,0x00,0x08,0x08,0x08,0x08,0x08,0x08,0x08,0x08,0x08,0x08,0x08,
  0x08,0x08,0x08,0x08,0x00,0x00,0x00,0x00,0x00,0x30,0x08,0x08,0x08,0x08,0x08,0x06,
  0x08,0x08,0x08,0x08,0x08,0x30,0x00,0x00,0x00,0x00,0x00,0x00,0x00,0x31,0x49,0x46,
  0x00,0x00,0x00,0x00,0x00,0x00,0x00,0x00,0x00,0x00,0x00,0x00,0x00,0x00,0x00,0x00,
  0x00,0x00,0x00,0x00,0x08,0x14,0x22,0x41,0x41,0x41,0x7F,0x00,0x00,0x00,0x00,0x00,
  0x00,0x00,0x3C,0x42,0x42,0x40,0x40,0x40,0x40,0x40,0x40,0x40,0x42,0x42,0x3C,0x08,
  0x10,0x60,0x00,0x00,0x00,0x42,0x42,0x00,0x00,0x00,0x42,0x42,0x42,0x42,0x42,0x42,
  0x46,0x3A,0x00,0x00,0x00,0x00,0x00,0x00,0x02,0x04,0x08,0x00,0x00,0x3C,0x42,0x42,
  0x7E,0x40,0x40,0x42,0x3C,0x00,0x00,0x00,0x00,0x00,0x00,0x08,0x14,0x22,0x00,0x00,
  0x3C,0x02,0x02,0x3E,0x42,0x42,0x46,0x3A,0x00,0x00,0x00,0x00,0x00,0x00,0x22,0x22,
  0x00,0x00,0x00,0x3C,0x02,0x02,0x3E,0x42,0x42,0x46,0x3A,0x00,0x00,0x00,0x00,0x00,
  0x00,0x20,0x10,0x08,0x00,0x00,0x3C,0x02,0x02,0x3E,0x42,0x42,0x46,0x3A,0x00,0x00,
  0x00,0x00,0x00,0x00,0x18,0x24,0x18,0x00,0x00,0x3C,0x02,0x02,0x3E,0x42,0x42,0x46,
  0x3A,0x00,0x00,0x00,0x00,0x00,0x00,0x00,0x00,0x00,0x00,0x00,0x1C,0x22,0x40,0x40,
  0x40,0x40,0x22,0x1C,0x08,0x10,0x60,0x00,0x00,0x00,0x18,0x24,0x42,0x00,0x00,0x3C,
  0x42,0x42,0x7E,0x40,0x40,0x42,0x3C,0x00,0x00,0x00,0x00,0x00,0x00,0x42,0x42,0x00,
  0x00,0x00,0x3C,0x42,0x42,0x7E,0x40,0x40,0x42,0x3C,0x00,0x00,0x00,0x00,0x00,0x00,
  0x20,0x10,0x08,0x00,0x00,0x3C,0x42,0x42,0x7E,0x40,0x40,0x42,0x3C,0x00,0x00,0x00,
  0x00,0x00,0x00,0x22,0x22,0x00,0x00,0x00,0x08,0x08,0x08,0x08,0x08,0x08,0x08,0x08,
  0x00,0x00,0x00,0x00,0x00,0x00,0x08,0x14,0x22,0x00,0x00,0x08,0x08,0x08,0x08,0x08,
  0x08,0x08,0x08,0x00,0x00,0x00,0x00,0x00,0x00,0x20,0x10,0x08,0x00,0x00,0x08,0x08,
  0x08,0x08,0x08,0x08,0x08,0x08,0x00,0x00,0x00,0x00,0x00,0x42,0x42,0x00,0x18,0x24,
  0x42,0x42,0x42,0x42,0x7E,0x42,0x42,0x42,0x42,0x00,0x00,0x00,0x00,0x00,0x18,0x24,
  0x18,0x00,0x18,0x24,0x42,0x42,0x42,0x7E,0x42,0x42,0x42,0x42,0x00,0x00,0x00,0x00,
  0x00,0x04,0x08,0x10,0x00,0x7E,0x40,0x40,0x40,0x78,0x40,0x40,0x40,0x40,0x7E,0x00,
  0x00,0x00,0x00,0x00,0x00,0x00,0x00,0x00,0x00,0x00,0x76,0x09,0x09,0x3F,0x48,0x48,
  0x48,0x37,0x00,0x00,0x00,0x00,0x00,0x00,0x0F,0x14,0x24,0x44,0x44,0x44,0x47,0x7C,
  0x44,0x44,0x44,0x44,0x47,0x00,0x00,0x00,0x00,0x00,0x00,0x18,0x24,0x42,0x00,0x00,
  0x3C,0x42,0x42,0x42,0x42,0x42,0x42,0x3C,0x00,0x00,0x00,0x00,0x00,0x00,0x42,0x42,
  0x00,0x00,0x00,0x3C,0x42,0x42,0x42,0x42,0x42,0x42,0x3C,0x00,0x00,0x00,0x00,0x00,
  0x00,0x20,0x10,0x08,0x00,0x00,0x3C,0x42,0x42,0x42,0x42,0x42,0x42,0x3C,0x00,0x00,
  0x00,0x00,0x00,0x00,0x18,0x24,0x42,0x00,0x00,0x42,0x42,0x42,0x42,0x42,0x42,0x46,
  0x3A,0x00,0x00,0x00,0x00,0x00,0x00,0x20,0x10,0x08,0x00,0x00,0x42,0x42,0x42,0x42,
  0x42,0x42,0x46,0x3A,0x00,0x00,0x00,0x00,0x00,0x00,0x42,0x42,0x00,0x00,0x00,0x42,
  0x42,0x42,0x42,0x42,0x42,0x42,0x3E,0x02,0x02,0x04,0x38,0x00,0x42,0x42,0x00,0x3C,
  0x42,0x42,0x42,0x42,0x42,0x42,0x42,0x42,0x42,0x3C,0x00,0x00,0x00,0x00,0x00,0x42,
  0x42,0x00,0x42,0x42,0x42,0x42,0x42,0x42,0x42,0x42,0x42,0x42,0x3C,0x00,0x00,0x00,
  0x00,0x00,0x00,0x00,0x08,0x08,0x08,0x1C,0x22,0x40,0x40,0x40,0x40,0x22,0x1C,0x08,
  0x08,0x08,0x00,0x00,0x00,0x00,0x18,0x24,0x24,0x20,0x20,0x20,0x78,0x20,0x20,0x20,
  0x22,0x22,0x7C,0x00,0x00,0x00,0x00,0x00,0x00,0x41,0x22,0x14,0x08,0x08,0x08,0x3E,
  0x08,0x08,0x3E,0x08,0x08,0x08,0x00,0x00,0x00,0x00,0x00,0x00,0x7C,0x42,0x42,0x42,
  0x7C,0x40,0x44,0x44,0x4E,0x44,0x44,0x44,0x43,0x00,0x00,0x00,0x00,0x00,0x00,0x06,
  0x09,0x09,0x08,0x08,0x08,0x1E,0x08,0x08,0x08,0x08,0x08,0x48,0x48,0x30,0x00,0x00,
  0x00,0x00,0x04,0x08,0x10,0x00,0x00,0x3C,0x02,0x02,0x3E,0x42,0x42,0x46,0x3A,0x00,
  0x00,0x00,0x00,0x00,0x00,0x02,0x04,0x08,0x00,0x00,0x08,0x08,0x08,0x08,0x08,0x08,
  0x08,0x08,0x00,0x00,0x00,0x00,0x00,0x00,0x04,0x08,0x10,0x00,0x00,0x3C,0x42,0x42,
  0x42,0x42,0x42,0x42,0x3C,0x00,0x00,0x00,0x00,0x00,0x00,0x04,0x08,0x10,0x00,0x00,
  0x42,0x42,0x42,0x42,0x42,0x42,0x46,0x3A,0x00,0x00,0x00,0x00,0x00,0x00,0x00,0x32,
  0x4C,0x00,0x00,0x5C,0x62,0x42,0x42,0x42,0x42,0x42,0x42,0x00,0x00,0x00,0x00,0x00,
  0x39,0x46,0x00,0x41,0x61,0x51,0x51,0x49,0x49,0x45,0x45,0x43,0x43,0x41,0x00,0x00,
  0x00,0x00,0x00,0x00,0x38,0x04,0x3C,0x44,0x4C,0x34,0x00,0x7E,0x00,0x00,0x00,0x00,
  0x00,0x00,0x00,0x00,0x00,0x00,0x00,0x38,0x44,0x44,0x44,0x44,0x38,0x00,0x7C,0x00,
  0x00,0x00,0x00,0x00,0x00,0x00,0x00,0x00,0x00,0x00,0x08,0x08,0x00,0x00,0x08,0x08,
  0x08,0x10,0x20,0x40,0x42,0x42,0x3C,0x00,0x00,0x00,0x00,0x00,0x00,0x00,0x00,0x00,
  0x00,0x00,0x00,0x7F,0x40,0x40,0x40,0x40,0x40,0x00,0x00,0x00,0x00,0x00,0x00,0x00,
  0x00,0x00,0x00,0x00,0x00,0x00,0x7F,0x01,0x01,0x01,0x01,0x01,0x00,0x00,0x00,0x00,
  0x00,0x00,0x08,0x18,0x08,0x08,0x08,0x08,0x08,0x00,0x7E,0x00,0x1C,0x22,0x02,0x0C,
  0x10,0x20,0x3E,0x00,0x00,0x08,0x18,0x08,0x08,0x08,0x08,0x08,0x00,0x7E,0x00,0x0C,
  0x14,0x24,0x44,0x7E,0x04,0x04,0x00,0x00,0x00,0x08,0x08,0x08,0x00,0x00,0x08,0x08,
  0x08,0x08,0x08,0x08,0x08,0x08,0x00,0x00,0x00,0x00,0x00,0x00,0x00,0x00,0x00,0x09,
  0x12,0x24,0x48,0x24,0x12,0x09,0x00,0x00,0x00,0x00,0x00,0x00,0x00,0x00,0x00,0x00,
  0x00,0x00,0x48,0x24,0x12,0x09,0x12,0x24,0x48,0x00,0x00,0x00,0x00,0x00,0x00,0x00,
  0x11,0x44,0x11,0x44,0x11,0x44,0x11,0x44,0x11,0x44,0x11,0x44,0x11,0x44,0x11,0x44,
  0x11,0x44,0x11,0x55,0xAA,0x55,0xAA,0x55,0xAA,0x55,0xAA,0x55,0xAA,0x55,0xAA,0x55,
  0xAA,0x55,0xAA,0x55,0xAA,0x55,0xDD,0x77,0xDD,0x77,0xDD,0x77,0xDD,0x77,0xDD,0x77,
  0xDD,0x77,0xDD,0x77,0xDD,0x77,0xDD,0x77,0xDD,0x08,0x08,0x08,0x08,0x08,0x08,0x08,
  0x08,0x08,0x08,0x08,0x08,0x08,0x08,0x08,0x08,0x08,0x08,0x08,0x08,0x08,0x08,0x08,
  0x08,0x08,0x08,0x08,0x08,0xF8,0x08,0x08,0x08,0x08,0x08,0x08,0x08,0x08,0x08,0x08,
  0x08,0x08,0x08,0x08,0x08,0x08,0xF8,0xF8,0xF8,0xF8,0x08,0x08,0x08,0x08,0x08,0x08,
  0x08,0x08,0x3C,0x3C,0x3C,0x3C,0x3C,0x3C,0x3C,0x3C,0x3C,0xFC,0x3C,0x3C,0x3C,0x3C,
  0x3C,0x3C,0x3C,0x3C,0x3C,0x00,0x00,0x00,0x00,0x00,0x00,0x00,0x00,0x00,0xFC,0x3C,
  0x3C,0x3C,0x3C,0x3C,0x3C,0x3C,0x3C,0x3C,0x00,0x00,0x00,0x00,0x00,0x00,0x00,0xF8,
  0xF8,0xF8,0xF8,0x08,0x08,0x08,0x08,0x08,0x08,0x08,0x08,0x3C,0x3C,0x3C,0x3C,0x3C,
  0x3C,0x3C,0xFC,0xFC,0xFC,0xFC,0x3C,0x3C,0x3C,0x3C,0x3C,0x3C,0x3C,0x3C,0x3C,0x3C,
  0x3C,0x3C,0x3C,0x3C,0x3C,0x3C,0x3C,0x3C,0x3C,0x3C,0x3C,0x3C,0x3C,0x3C,0x3C,0x3C,
  0x3C,0x00,0x00,0x00,0x00,0x00,0x00,0x00,0xFC,0xFC,0xFC,0xFC,0x3C,0x3C,0x3C,0x3C,
  0x3C,0x3C,0x3C,0x3C,0x3C,0x3C,0x3C,0x3C,0x3C,0x3C,0x3C,0xFC,0xFC,0xFC,0xFC,0x00,
  0x00,0x00,0x00,0x00,0x00,0x00,0x00,0x3C,0x3C,0x3C,0x3C,0x3C,0x3C,0x3C,0x3C,0x3C,
  0xFC,0x00,0x00,0x00,0x00,0x00,0x00,0x00,0x00,0x00,0x08,0x08,0x08,0x08,0x08,0x08,
  0x08,0xF8,0xF8,0xF8,0xF8,0x00,0x00,0x00,0x00,0x00,0x00,0x00,0x00,0x00,0x00,0x00,
  0x00,0x00,0x00,0x00,0x00,0x00,0xF8,0x08,0x08,0x08,0x08,0x08,0x08,0x08,0x08,0x08,
  0x08,0x08,0x08,0x08,0x08,0x08,0x08,0x08,0x08,0x0F,0x00,0x00,0x00,0x00,0x00,0x00,
  0x00,0x00,0x00,0x08,0x08,0x08,0x08,0x08,0x08,0x08,0x08,0x08,0xFF,0x00,0x00,0x00,
  0x00,0x00,0x00,0x00,0x00,0x00,0x00,0x00,0x00,0x00,0x00,0x00,0x00,0x00,0x00,0xFF,
  0x08,0x08,0x08,0x08,0x08,0x08,0x08,0x08,0x08,0x08,0x08,0x08,0x08,0x08,0x08,0x08,
  0x08,0x08,0x0F,0x08,0x08,0x08,0x08,0x08,0x08,0x08,0x08,0x08,0x00,0x00,0x00,0x00,
  0x00,0x00,0x00,0x00,0x00,0xFF,0x00,0x00,0x00,0x00,0x00,0x00,0x00,0x00,0x00,0x08,
  0x08,0x08,0x08,0x08,0x08,0x08,0x08,0x08,0xFF,0x08,0x08,0x08,0x08,0x08,0x08,0x08,
  0x08,0x08,0x08,0x08,0x08,0x08,0x08,0x08,0x08,0x0F,0x0F,0x0F,0x0F,0x08,0x08,0x08,
  0x08,0x08,0x08,0x08,0x08,0x3C,0x3C,0x3C,0x3C,0x3C,0x3C,0x3C,0x3C,0x3C,0x3F,0x3C,
  0x3C,0x3C,0x3C,0x3C,0x3C,0x3C,0x3C,0x3C,0x3C,0x3C,0x3C,0x3C,0x3C,0x3C,0x3C,0x3F,
  0x3F,0x3F,0x3F,0x00,0x00,0x00,0x00,0x00,0x00,0x00,0x00,0x00,0x00,0x00,0x00,0x00,
  0x00,0x00,0x3F,0x3F,0x3F,0x3F,0x3C,0x3C,0x3C,0x3C,0x3C,0x3C,0x3C,0x3C,0x3C,0x3C,
  0x3C,0x3C,0x3C,0x3C,0x3C,0xFF,0xFF,0xFF,0xFF,0x00,0x00,0x00,0x00,0x00,0x00,0x00,
  0x00,0x00,0x00,0x00,0x00,0x00,0x00,0x00,0xFF,0xFF,0xFF,0xFF,0x3C,0x3C,0x3C,0x3C,
  0x3C,0x3C,0x3C,0x3C,0x3C,0x3C,0x3C,0x3C,0x3C,0x3C,0x3C,0x3F,0x3F,0x3F,0x3F,0x3C,
  0x3C,0x3C,0x3C,0x3C,0x3C,0x3C,0x3C,0x00,0x00,0x00,0x00,0x00,0x00,0x00,0xFF,0xFF,
  0xFF,0xFF,0x00,0x00,0x00,0x00,0x00,0x00,0x00,0x00,0x3C,0x3C,0x3C,0x3C,0x3C,0x3C,
  0x3C,0xFF,0xFF,0xFF,0xFF,0x3C,0x3C,0x3C,0x3C,0x3C,0x3C,0x3C,0x3C,0x08,0x08,0x08,
  0x08,0x08,0x08,0x08,0xFF,0xFF,0xFF,0xFF,0x00,0x00,0x00,0x00,0x00,0x00,0x00,0x00,
  0x3C,0x3C,0x3C,0x3C,0x3C,0x3C,0x3C,0x3C,0x3C,0xFF,0x00,0x00,0x00,0x00,0x00,0x00,
  0x00,0x00,0x00,0x00,0x00,0x00,0x00,0x00,0x00,0x00,0xFF,0xFF,0xFF,0xFF,0x08,0x08,
  0x08,0x08,0x08,0x08,0x08,0x08,0x00,0x00,0x00,0x00,0x00,0x00,0x00,0x00,0x00,0xFF,
  0x3C,0x3C,0x3C,0x3C,0x3C,0x3C,0x3C,0x3C,0x3C,0x3C,0x3C,0x3C,0x3C,0x3C,0x3C,0x3C,
  0x3C,0x3C,0x3F,0x00,0x00,0x00,0x00,0x00,0x00,0x00,0x00,0x00,0x08,0x08,0x08,0x08,
  0x08,0x08,0x08,0x0F,0x0F,0x0F,0x0F,0x00,0x00,0x00,0x00,0x00,0x00,0x00,0x00,0x00,
  0x00,0x00,0x00,0x00,0x00,0x00,0x0F,0x0F,0x0F,0x0F,0x08,0x08,0x08,0x08,0x08,0x08,
  0x08,0x08,0x00,0x00,0x00,0x00,0x00,0x00,0x00,0x00,0x00,0x3F,0x3C,0x3C,0x3C,0x3C,
  0x3C,0x3C,0x3C,0x3C,0x3C,0x3C,0x3C,0x3C,0x3C,0x3C,0x3C,0x3C,0x3C,0x3C,0xFF,0x3C,
  0x3C,0x3C,0x3C,0x3C,0x3C,0x3C,0x3C,0x3C,0x08,0x08,0x08,0x08,0x08,0x08,0x08,0xFF,
  0xFF,0xFF,0xFF,0x08,0x08,0x08,0x08,0x08,0x08,0x08,0x08,0x08,0x08,0x08,0x08,0x08,
  0x08,0x08,0x08,0x08,0xF8,0x00,0x00,0x00,0x00,0x00,0x00,0x00,0x00,0x00,0x00,0x00,
  0x00,0x00,0x00,0x00,0x00,0x00,0x00,0x0F,0x08,0x08,0x08,0x08,0x08,0x08,0x08,0x08,
  0x08,0xFF,0xFF,0xFF,0xFF,0xFF,0xFF,0xFF,0xFF,0xFF,0xFF,0xFF,0xFF,0xFF,0xFF,0xFF,
  0xFF,0xFF,0xFF,0xFF,0x00,0x00,0x00,0x00,0x00,0x00,0x00,0x00,0x00,0xFF,0xFF,0xFF,
  0xFF,0xFF,0xFF,0xFF,0xFF,0xFF,0xFF,0xF0,0xF0,0xF0,0xF0,0xF0,0xF0,0xF0,0xF0,0xF0,
  0xF0,0xF0,0xF0,0xF0,0xF0,0xF0,0xF0,0xF0,0xF0,0xF0,0x0F,0x0F,0x0F,0x0F,0x0F,0x0F,
  0x0F,0x0F,0x0F,0x0F,0x0F,0x0F,0x0F,0x0F,0x0F,0x0F,0x0F,0x0F,0x0F,0xFF,0xFF,0xFF,
  0xFF,0xFF,0xFF,0xFF,0xFF,0xFF,0x00,0x00,0x00,0x00,0x00,0x00,0x00,0x00,0x00,0x00,
  0x00,0x00,0x00,0x00,0x00,0x00,0x00,0x31,0x4A,0x44,0x44,0x44,0x44,0x4A,0x31,0x00,
  0x00,0x00,0x00,0x00,0x00,0x38,0x44,0x44,0x44,0x48,0x50,0x48,0x44,0x42,0x42,0x42,
  0x44,0x58,0x40,0x40,0x40,0x00,0x00,0x00,0x7E,0x42,0x42,0x40,0x40,0x40,0x40,0x40,
  0x40,0x40,0x40,0x40,0x40,0x00,0x00,0x00,0x00,0x00,0x00,0x00,0x00,0x00,0x00,0x7F,
  0xA4,0x24,0x24,0x24,0x24,0x24,0x24,0x22,0x00,0x00,0x00,0x00,0x00,0x00,0x7E,0x42,
  0x42,0x20,0x10,0x08,0x04,0x08,0x10,0x20,0x42,0x42,0x7E,0x00,0x00,0x00,0x00,0x00,
  0x00,0x00,0x00,0x00,0x00,0x00,0x3F,0x44,0x44,0x44,0x44,0x44,0x44,0x38,0x00,0x00,
  0x00,0x00,0x00,0x00,0x00,0x00,0x00,0x00,0x00,0x22,0x22,0x22,0x22,0x22,0x22,0x22,
  0x3D,0x20,0x20,0x40,0x00,0x00,0x00,0x00,0x00,0x00,0x00,0x00,0x3F,0x48,0x08,0x08,
  0x08,0x08,0x08,0x04,0x00,0x00,0x00,0x00,0x00,0x00,0x1C,0x08,0x08,0x1C,0x2A,0x49,
  0x49,0x49,0x2A,0x1C,0x08,0x08,0x1C,0x00,0x00,0x00,0x00,0x00,0x00,0x3C,0x42,0x42,
  0x42,0x42,0x42,0x7E,0x42,0x42,0x42,0x42,0x42,0x3C,0x00,0x00,0x00,0x00,0x00,0x00,
  0x1C,0x22,0x41,0x41,0x41,0x41,0x41,0x41,0x22,0x14,0x14,0x14,0x77,0x00,0x00,0x00,
  0x00,0x00,0x00,0x1E,0x20,0x20,0x20,0x10,0x18,0x24,0x42,0x42,0x42,0x42,0x42,0x3C,
  0x00,0x00,0x00,0x00,0x00,0x00,0x00,0x00,0x00,0x00,0x36,0x49,0x49,0x49,0x49,0x36,
  0x00,0x00,0x00,0x00,0x00,0x00,0x00,0x00,0x00,0x00,0x00,0x01,0x02,0x3E,0x45,0x45,
  0x49,0x49,0x51,0x3E,0x20,0x40,0x00,0x00,0x00,0x00,0x00,0x00,0x1C,0x20,0x40,0x40,
  0x40,0x40,0x7C,0x40,0x40,0x40,0x40,0x20,0x1C,0x00,0x00,0x00,0x00,0x00,0x00,0x3C,
  0x42,0x42,0x42,0x42,0x42,0x42,0x42,0x42,0x42,0x42,0x42,0x42,0x00,0x00,0x00,0x00,
  0x00,0x00,0x00,0x00,0x7F,0x00,0x00,0x00,0x7F,0x00,0x00,0x00,0x7F,0x00,0x00,0x00,
  0x00,0x00,0x00,0x00,0x00,0x00,0x08,0x08,0x08,0x3E,0x08,0x08,0x08,0x00,0x00,0x00,
  0x7F,0x00,0x00,0x00,0x00,0x00,0x00,0x00,0x20,0x10,0x08,0x04,0x02,0x04,0x08,0x10,
  0x20,0x00,0x00,0x7E,0x00,0x00,0x00,0x00,0x00,0x00,0x00,0x04,0x08,0x10,0x20,0x40,
  0x20,0x10,0x08,0x04,0x00,0x00,0x7E,0x00,0x00,0x00,0x00,0x00,0x00,0x00,0x06,0x09,
  0x09,0x08,0x08,0x08,0x08,0x08,0x08,0x08,0x08,0x08,0x08,0x08,0x08,0x08,0x08,0x08,
  0x08,0x08,0x08,0x08,0x08,0x08,0x08,0x08,0x08,0x08,0x08,0x48,0x48,0x30,0x00,0x00,
  0x00,0x00,0x00,0x00,0x00,0x00,0x18,0x18,0x00,0x00,0x7E,0x00,0x00,0x18,0x18,0x00,
  0x00,0x00,0x00,0x00,0x00,0x00,0x00,0x00,0x00,0x00,0x31,0x49,0x46,0x00,0x31,0x49,
  0x46,0x00,0x00,0x00,0x00,0x00,0x00,0x00,0x00,0x00,0x38,0x44,0x44,0x44,0x38,0x00,
  0x00,0x00,0x00,0x00,0x00,0x00,0x00,0x00,0x00,0x00,0x00,0x00,0x00,0x00,0x00,0x00,
  0x00,0x00,0x00,0x1C,0x1C,0x1C,0x00,0x00,0x00,0x00,0x00,0x00,0x00,0x00,0x00,0x00,
  0x00,0x00,0x00,0x00,0x00,0x00,0x00,0x18,0x18,0x00,0x00,0x00,0x00,0x00,0x00,0x00,
  0x00,0x00,0x00,0x07,0x04,0x04,0x04,0x04,0x04,0x04,0x04,0x44,0x64,0x14,0x0C,0x04,
  0x00,0x00,0x00,0x00,0x00,0x00,0x2C,0x32,0x22,0x22,0x22,0x22,0x22,0x22,0x00,0x00,
  0x00,0x00,0x00,0x00,0x00,0x00,0x00,0x00,0x00,0x1C,0x22,0x02,0x02,0x0C,0x10,0x20,
  0x3E,0x00,0x00,0x00,0x00,0x00,0x00,0x00,0x00,0x00,0x00,0x00,0x00,0x00,0x3E,0x3E,
  0x3E,0x3E,0x3E,0x3E,0x3E,0x3E,0x3E,0x00,0x00,0x00,0x00,0x00,0x00,0x00,0x00,0x00,
  0x00,0x00,0x00,0x00,0x00,0x00,0x00,0x00,0x00,0x00,0x00,0x00,0x00,0x00,0x00,0x00
};

const unsigned char far md_h4_font[4864]={
  0x00,0x00,0x00,0x00,0x00,0x00,0x00,0x00,0x00,0x00,0x00,0x00,0x00,0x00,0x00,0x00,
  0x00,0x00,0x00,0x00,0x00,0x00,0x3C,0x42,0x81,0xA5,0xA5,0x81,0xA5,0x99,0x81,0x42,
  0x3C,0x00,0x00,0x00,0x00,0x00,0x00,0x00,0x00,0x3C,0x7E,0xFF,0xDB,0xDB,0xFF,0xDB,
  0xE7,0xFF,0x7E,0x3C,0x00,0x00,0x00,0x00,0x00,0x00,0x00,0x00,0x42,0xE7,0xFF,0xFF,
  0xFF,0x7E,0x7E,0x3C,0x3C,0x18,0x18,0x00,0x00,0x00,0x00,0x00,0x00,0x00,0x00,0x18,
  0x18,0x3C,0x3C,0x7E,0xFF,0x7E,0x3C,0x3C,0x18,0x18,0x00,0x00,0x00,0x00,0x00,0x00,
  0x00,0x00,0x18,0x3C,0x3C,0x18,0x66,0xE7,0xE7,0x5A,0x18,0x18,0x3C,0x00,0x00,0x00,
  0x00,0x00,0x00,0x00,0x00,0x18,0x3C,0x3C,0x7E,0x7E,0xFF,0xFF,0x5A,0x18,0x18,0x3C,
  0x00,0x00,0x00,0x00,0x00,0x00,0x00,0x00,0x00,0x00,0x00,0x00,0x18,0x3C,0x3C,0x3C,
  0x18,0x00,0x00,0x00,0x00,0x00,0x00,0x00,0xFF,0xFF,0xFF,0xFF,0xFF,0xFF,0xFF,0xE7,
  0xC3,0xC3,0xC3,0xE7,0xFF,0xFF,0xFF,0xFF,0xFF,0xFF,0xFF,0x00,0x00,0x00,0x00,0x00,
  0x00,0x3C,0x66,0x42,0x42,0x42,0x66,0x3C,0x00,0x00,0x00,0x00,0x00,0x00,0xFF,0xFF,
  0xFF,0xFF,0xFF,0xFF,0xC3,0x99,0xBD,0xBD,0xBD,0x99,0xC3,0xFF,0xFF,0xFF,0xFF,0xFF,
  0xFF,0x00,0x00,0x00,0x0F,0x03,0x07,0x0D,0x18,0x78,0xCC,0xCC,0xCC,0xCC,0x78,0x00,
  0x00,0x00,0x00,0x00,0x00,0x00,0x00,0x3C,0x66,0x66,0x66,0x66,0x3C,0x18,0x18,0x7E,
  0x18,0x18,0x00,0x00,0x00,0x00,0x00,0x00,0x00,0x00,0x18,0x1C,0x1E,0x1F,0x1B,0x1A,
  0x18,0x38,0x78,0x78,0x70,0x00,0x00,0x00,0x00,0x00,0x00,0x00,0x00,0x7F,0x63,0x63,
  0x7F,0x63,0x63,0x63,0x67,0xE7,0xE7,0xE6,0xC0,0x00,0x00,0x00,0x00,0x00,0x00,0x00,
  0x18,0x18,0xDB,0x7E,0x24,0xE7,0x24,0x7E,0xDB,0x18,0x18,0x00,0x00,0x00,0x00,0x00,
  0x00,0x00,0x00,0x00,0x40,0x60,0x70,0x7C,0x7F,0x7C,0x70,0x60,0x40,0x00,0x00,0x00,
  0x00,0x00,0x00,0x00,0x00,0x00,0x00,0x01,0x03,0x07,0x1F,0x7F,0x1F,0x07,0x03,0x01,
  0x00,0x00,0x00,0x00,0x00,0x00,0x00,0x00,0x00,0x18,0x3C,0x7E,0x18,0x18,0x18,0x18,
  0x18,0x7E,0x3C,0x18,0x00,0x00,0x00,0x00,0x00,0x00,0x00,0x00,0x66,0x66,0x66,0x66,
  0x66,0x66,0x66,0x00,0x00,0x66,0x66,0x00,0x00,0x00,0x00,0x00,0x00,0x00,0x00,0x7F,
  0xFA,0xFA,0xFA,0x7A,0x0A,0x0A,0x0A,0x0A,0x0A,0x0A,0x00,0x00,0x00,0x00,0x00,0x00,
  0x00,0x3C,0x66,0x62,0x30,0x38,0x6C,0x66,0x36,0x1C,0x0C,0x46,0x66,0x3C,0x00,0x00,
  0x00,0x00,0x00,0x00,0x00,0x00,0x00,0x00,0x00,0x00,0x00,0x00,0x7F,0x7F,0x7F,0x7F,
  0x00,0x00,0x00,0x00,0x00,0x00,0x00,0x00,0x18,0x3C,0x7E,0x18,0x18,0x18,0x18,0x18,
  0x7E,0x3C,0x18,0x00,0x7E,0x00,0x00,0x00,0x00,0x00,0x00,0x18,0x18,0x3C,0x3C,0x7E,
  0x18,0x18,0x18,0x18,0x18,0x18,0x00,0x00,0x00,0x00,0x00,0x00,0x00,0x00,0x18,0x18,
  0x18,0x18,0x18,0x18,0x7E,0x3C,0x3C,0x18,0x18,0x00,0x00,0x00,0x00,0x00,0x00,0x00,
  0x00,0x00,0x00,0x08,0x0C,0x0E,0xFF,0x0E,0x0C,0x08,0x00,0x00,0x00,0x00,0x00,0x00,
  0x00,0x00,0x00,0x00,0x00,0x00,0x10,0x30,0x70,0xFF,0x70,0x30,0x10,0x00,0x00,0x00,
  0x00,0x00,0x00,0x00,0x00,0x00,0x00,0x00,0x00,0x00,0x60,0x60,0x60,0x60,0x7F,0x00,
  0x00,0x00,0x00,0x00,0x00,0x00,0x00,0x00,0x00,0x00,0x00,0x24,0x24,0x66,0x66,0xFF,
  0x66,0x66,0x24,0x24,0x00,0x00,0x00,0x00,0x00,0x00,0x00,0x00,0x00,0x00,0x00,0x08,
  0x1C,0x1C,0x3E,0x3E,0x7F,0x7F,0x00,0x00,0x00,0x00,0x00,0x00,0x00,0x00,0x00,0x00,
  0x00,0x00,0x7F,0x7F,0x3E,0x3E,0x1C,0x1C,0x08,0x00,0x00,0x00,0x00,0x00,0x00,0x00,
  0x00,0x00,0x00,0x00,0x00,0x00,0x00,0x00,0x00,0x00,0x00,0x00,0x00,0x00,0x00,0x00,
  0x00,0x00,0x00,0x00,0x00,0x00,0x18,0x3C,0x3C,0x3C,0x18,0x18,0x18,0x00,0x00,0x18,
  0x18,0x00,0x00,0x00,0x00,0x00,0x00,0x00,0x66,0x66,0x66,0x24,0x00,0x00,0x00,0x00,
  0x00,0x00,0x00,0x00,0x00,0x00,0x00,0x00,0x00,0x00,0x00,0x00,0x36,0x36,0x36,0x7F,
  0x36,0x36,0x36,0x7F,0x36,0x36,0x36,0x00,0x00,0x00,0x00,0x00,0x00,0x08,0x08,0x3E,
  0x6B,0x69,0x68,0x38,0x1C,0x0E,0x0B,0x4B,0x6B,0x3E,0x08,0x08,0x00,0x00,0x00,0x00,
  0x00,0x00,0x38,0x6C,0x6C,0x39,0x07,0x1C,0x70,0x4E,0x1B,0x1B,0x0E,0x00,0x00,0x00,
  0x00,0x00,0x00,0x00,0x00,0x1C,0x36,0x36,0x36,0x1C,0x1B,0x3E,0x66,0x66,0x6E,0x3B,
  0x00,0x00,0x00,0x00,0x00,0x00,0x00,0x18,0x18,0x18,0x30,0x00,0x00,0x00,0x00,0x00,
  0x00,0x00,0x00,0x00,0x00,0x00,0x00,0x00,0x00,0x00,0x06,0x0C,0x18,0x18,0x30,0x30,
  0x30,0x30,0x30,0x18,0x18,0x0C,0x06,0x00,0x00,0x00,0x00,0x00,0x00,0x30,0x18,0x0C,
  0x0C,0x06,0x06,0x06,0x06,0x06,0x0C,0x0C,0x18,0x30,0x00,0x00,0x00,0x00,0x00,0x00,
  0x00,0x00,0x00,0x36,0x36,0x1C,0x7F,0x1C,0x36,0x36,0x00,0x00,0x00,0x00,0x00,0x00,
  0x00,0x00,0x00,0x00,0x00,0x00,0x18,0x18,0x18,0x7E,0x18,0x18,0x18,0x00,0x00,0x00,
  0x00,0x00,0x00,0x00,0x00,0x00,0x00,0x00,0x00,0x00,0x00,0x00,0x00,0x00,0x00,0x00,
  0x18,0x18,0x18,0x30,0x00,0x00,0x00,0x00,0x00,0x00,0x00,0x00,0x00,0x00,0x00,0x7E,
  0x00,0x00,0x00,0x00,0x00,0x00,0x00,0x00,0x00,0x00,0x00,0x00,0x00,0x00,0x00,0x00,
  0x00,0x00,0x00,0x00,0x00,0x00,0x18,0x18,0x00,0x00,0x00,0x00,0x00,0x00,0x00,0x00,
  0x03,0x03,0x06,0x06,0x0C,0x0C,0x18,0x18,0x30,0x30,0x60,0x60,0x00,0x00,0x00,0x00,
  0x00,0x00,0x00,0x1C,0x36,0x63,0x63,0x63,0x6B,0x63,0x63,0x63,0x36,0x1C,0x00,0x00,
  0x00,0x00,0x00,0x00,0x00,0x00,0x0C,0x1C,0x3C,0x0C,0x0C,0x0C,0x0C,0x0C,0x0C,0x0C,
  0x0C,0x00,0x00,0x00,0x00,0x00,0x00,0x00,0x00,0x3E,0x63,0x43,0x03,0x06,0x0C,0x18,
  0x30,0x60,0x60,0x7F,0x00,0x00,0x00,0x00,0x00,0x00,0x00,0x00,0x7F,0x06,0x0C,0x18,
  0x3E,0x07,0x03,0x03,0x03,0x66,0x3C,0x00,0x00,0x00,0x00,0x00,0x00,0x00,0x00,0x0E,
  0x0E,0x1E,0x16,0x36,0x26,0x66,0x7F,0x06,0x06,0x06,0x00,0x00,0x00,0x00,0x00,0x00,
  0x00,0x00,0x7F,0x60,0x60,0x60,0x7E,0x07,0x03,0x03,0x03,0x66,0x3C,0x00,0x00,0x00,
  0x00,0x00,0x00,0x00,0x00,0x1E,0x30,0x60,0x60,0x60,0x7E,0x63,0x63,0x63,0x63,0x3E,
  0x00,0x00,0x00,0x00,0x00,0x00,0x00,0x00,0x7F,0x03,0x03,0x03,0x06,0x06,0x0C,0x0C,
  0x18,0x18,0x18,0x00,0x00,0x00,0x00,0x00,0x00,0x00,0x00,0x3E,0x63,0x63,0x63,0x36,
  0x1C,0x36,0x63,0x63,0x63,0x3E,0x00,0x00,0x00,0x00,0x00,0x00,0x00,0x00,0x3E,0x63,
  0x63,0x63,0x63,0x3F,0x03,0x03,0x03,0x06,0x3C,0x00,0x00,0x00,0x00,0x00,0x00,0x00,
  0x00,0x00,0x00,0x18,0x18,0x00,0x00,0x00,0x00,0x18,0x18,0x00,0x00,0x00,0x00,0x00,
  0x00,0x00,0x00,0x00,0x00,0x00,0x18,0x18,0x00,0x00,0x00,0x00,0x18,0x18,0x18,0x30,
  0x00,0x00,0x00,0x00,0x00,0x00,0x00,0x00,0x06,0x0C,0x18,0x30,0x60,0x30,0x18,0x0C,
  0x06,0x00,0x00,0x00,0x00,0x00,0x00,0x00,0x00,0x00,0x00,0x00,0x00,0x7E,0x00,0x00,
  0x00,0x7E,0x00,0x00,0x00,0x00,0x00,0x00,0x00,0x00,0x00,0x00,0x00,0x00,0x30,0x18,
  0x0C,0x06,0x03,0x06,0x0C,0x18,0x30,0x00,0x00,0x00,0x00,0x00,0x00,0x00,0x00,0x00,
  0x3E,0x63,0x43,0x06,0x0C,0x18,0x0C,0x00,0x00,0x0C,0x0C,0x00,0x00,0x00,0x00,0x00,
  0x00,0x00,0x00,0x1E,0x33,0x63,0x6F,0x6B,0x6B,0x6B,0x6E,0x60,0x31,0x1E,0x00,0x00,
  0x00,0x00,0x00,0x00,0x00,0x00,0x08,0x1C,0x36,0x63,0x63,0x63,0x7F,0x63,0x63,0x63,
  0x63,0x00,0x00,0x00,0x00,0x00,0x00,0x00,0x00,0x7C,0x66,0x66,0x66,0x6C,0x7C,0x66,
  0x63,0x63,0x63,0x7E,0x00,0x00,0x00,0x00,0x00,0x00,0x00,0x00,0x1E,0x33,0x61,0x60,
  0x60,0x60,0x60,0x60,0x61,0x33,0x1E,0x00,0x00,0x00,0x00,0x00,0x00,0x00,0x00,0x7C,
  0x66,0x63,0x63,0x63,0x63,0x63,0x63,0x63,0x66,0x7C,0x00,0x00,0x00,0x00,0x00,0x00,
  0x00,0x00,0x3F,0x30,0x30,0x30,0x30,0x3E,0x30,0x30,0x30,0x30,0x3F,0x00,0x00,0x00,
  0x00,0x00,0x00,0x00,0x00,0x3F,0x30,0x30,0x30,0x30,0x3E,0x30,0x30,0x30,0x30,0x30,
  0x00,0x00,0x00,0x00,0x00,0x00,0x00,0x00,0x1E,0x33,0x61,0x60,0x60,0x60,0x67,0x63,
  0x63,0x33,0x1F,0x00,0x00,0x00,0x00,0x00,0x00,0x00,0x00,0x63,0x63,0x63,0x63,0x63,
  0x7F,0x63,0x63,0x63,0x63,0x63,0x00,0x00,0x00,0x00,0x00,0x00,0x00,0x00,0x3C,0x18,
  0x18,0x18,0x18,0x18,0x18,0x18,0x18,0x18,0x3C,0x00,0x00,0x00,0x00,0x00,0x00,0x00,
  0x00,0x1C,0x0C,0x0C,0x0C,0x0C,0x0C,0x0C,0x0C,0x0C,0x0C,0x0C,0x18,0x70,0x00,0x00,
  0x00,0x00,0x00,0x00,0x63,0x63,0x66,0x66,0x6C,0x78,0x6C,0x66,0x66,0x63,0x63,0x00,
  0x00,0x00,0x00,0x00,0x00,0x00,0x00,0x30,0x30,0x30,0x30,0x30,0x30,0x30,0x30,0x30,
  0x30,0x3F,0x00,0x00,0x00,0x00,0x00,0x00,0x00,0x00,0x63,0x63,0x77,0x77,0x7F,0x7F,
  0x6B,0x6B,0x63,0x63,0x63,0x00,0x00,0x00,0x00,0x00,0x00,0x00,0x00,0x63,0x73,0x73,
  0x7B,0x7B,0x6F,0x6F,0x67,0x67,0x63,0x63,0x00,0x00,0x00,0x00,0x00,0x00,0x00,0x00,
  0x1C,0x36,0x63,0x63,0x63,0x63,0x63,0x63,0x63,0x36,0x1C,0x00,0x00,0x00,0x00,0x00,
  0x00,0x00,0x00,0x7E,0x63,0x63,0x63,0x63,0x7E,0x60,0x60,0x60,0x60,0x60,0x00,0x00,
  0x00,0x00,0x00,0x00,0x00,0x00,0x1C,0x36,0x63,0x63,0x63,0x63,0x63,0x63,0x63,0x36,
  0x0C,0x1C,0x07,0x00,0x00,0x00,0x00,0x00,0x00,0x7E,0x63,0x63,0x63,0x66,0x7C,0x6C,
  0x66,0x66,0x63,0x63,0x00,0x00,0x00,0x00,0x00,0x00,0x00,0x00,0x3C,0x66,0x62,0x60,
  0x30,0x18,0x0C,0x06,0x46,0x66,0x3C,0x00,0x00,0x00,0x00,0x00,0x00,0x00,0x00,0x7E,
  0x18,0x18,0x18,0x18,0x18,0x18,0x18,0x18,0x18,0x18,0x00,0x00,0x00,0x00,0x00,0x00,
  0x00,0x00,0x63,0x63,0x63,0x63,0x63,0x63,0x63,0x63,0x63,0x63,0x3E,0x00,0x00,0x00,
  0x00,0x00,0x00,0x00,0x00,0x63,0x63,0x63,0x63,0x63,0x63,0x63,0x36,0x36,0x1C,0x1C,
  0x00,0x00,0x00,0x00,0x00,0x00,0x00,0x00,0x63,0x63,0x63,0x63,0x6B,0x6B,0x6B,0x7F,
  0x3E,0x36,0x36,0x00,0x00,0x00,0x00,0x00,0x00,0x00,0x00,0x63,0x63,0x36,0x36,0x1C,
  0x1C,0x1C,0x36,0x36,0x63,0x63,0x00,0x00,0x00,0x00,0x00,0x00,0x00,0x00,0x63,0x63,
  0x63,0x63,0x37,0x1E,0x0C,0x0C,0x0C,0x0C,0x0C,0x00,0x00,0x00,0x00,0x00,0x00,0x00,
  0x00,0x7F,0x07,0x06,0x0E,0x0C,0x1C,0x18,0x38,0x30,0x70,0x7F,0x00,0x00,0x00,0x00,
  0x00,0x00,0x00,0x1E,0x18,0x18,0x18,0x18,0x18,0x18,0x18,0x18,0x18,0x18,0x18,0x1E,
  0x00,0x00,0x00,0x00,0x00,0x00,0x00,0x60,0x60,0x30,0x30,0x18,0x18,0x0C,0x0C,0x06,
  0x06,0x03,0x03,0x00,0x00,0x00,0x00,0x00,0x00,0x3C,0x0C,0x0C,0x0C,0x0C,0x0C,0x0C,
  0x0C,0x0C,0x0C,0x0C,0x0C,0x3C,0x00,0x00,0x00,0x00,0x00,0x08,0x1C,0x36,0x63,0x00,
  0x00,0x00,0x00,0x00,0x00,0x00,0x00,0x00,0x00,0x00,0x00,0x00,0x00,0x00,0x00,0x00,
  0x00,0x00,0x00,0x00,0x00,0x00,0x00,0x00,0x00,0x00,0x00,0x00,0xFF,0x00,0x00,0x00,
  0x00,0x18,0x18,0x0C,0x00,0x00,0x00,0x00,0x00,0x00,0x00,0x00,0x00,0x00,0x00,0x00,
  0x00,0x00,0x00,0x00,0x00,0x00,0x00,0x00,0x00,0x00,0x3E,0x03,0x1F,0x33,0x63,0x67,
  0x3B,0x00,0x00,0x00,0x00,0x00,0x00,0x00,0x60,0x60,0x60,0x60,0x60,0x6E,0x73,0x63,
  0x63,0x63,0x63,0x7E,0x00,0x00,0x00,0x00,0x00,0x00,0x00,0x00,0x00,0x00,0x00,0x00,
  0x3E,0x63,0x60,0x60,0x60,0x63,0x3E,0x00,0x00,0x00,0x00,0x00,0x00,0x00,0x03,0x03,
  0x03,0x03,0x03,0x3F,0x63,0x63,0x63,0x63,0x67,0x3B,0x00,0x00,0x00,0x00,0x00,0x00,
  0x00,0x00,0x00,0x00,0x00,0x00,0x3E,0x63,0x63,0x7F,0x60,0x63,0x3E,0x00,0x00,0x00,
  0x00,0x00,0x00,0x00,0x07,0x0C,0x18,0x18,0x18,0x3E,0x18,0x18,0x18,0x18,0x18,0x18,
  0x00,0x00,0x00,0x00,0x00,0x00,0x00,0x00,0x00,0x00,0x00,0x00,0x3F,0x63,0x63,0x63,
  0x63,0x67,0x3B,0x03,0x03,0x06,0x3C,0x00,0x00,0x00,0x60,0x60,0x60,0x60,0x60,0x6E,
  0x73,0x63,0x63,0x63,0x63,0x63,0x00,0x00,0x00,0x00,0x00,0x00,0x00,0x00,0x0C,0x08,
  0x00,0x00,0x1C,0x0C,0x0C,0x0C,0x0C,0x0C,0x0C,0x00,0x00,0x00,0x00,0x00,0x00,0x00,
  0x00,0x0C,0x08,0x00,0x00,0x1C,0x0C,0x0C,0x0C,0x0C,0x0C,0x0C,0x0C,0x0C,0x18,0x70,
  0x00,0x00,0x00,0x60,0x60,0x60,0x60,0x60,0x63,0x66,0x6C,0x78,0x6C,0x66,0x63,0x00,
  0x00,0x00,0x00,0x00,0x00,0x00,0x38,0x18,0x18,0x18,0x18,0x18,0x18,0x18,0x18,0x18,
  0x18,0x0E,0x00,0x00,0x00,0x00,0x00,0x00,0x00,0x00,0x00,0x00,0x00,0x00,0x66,0x7F,
  0x6B,0x6B,0x6B,0x6B,0x63,0x00,0x00,0x00,0x00,0x00,0x00,0x00,0x00,0x00,0x00,0x00,
  0x00,0x6E,0x73,0x63,0x63,0x63,0x63,0x63,0x00,0x00,0x00,0x00,0x00,0x00,0x00,0x00,
  0x00,0x00,0x00,0x00,0x3E,0x63,0x63,0x63,0x63,0x63,0x3E,0x00,0x00,0x00,0x00,0x00,
  0x00,0x00,0x00,0x00,0x00,0x00,0x00,0x6E,0x73,0x63,0x63,0x63,0x63,0x7E,0x60,0x60,
  0x60,0x60,0x00,0x00,0x00,0x00,0x00,0x00,0x00,0x00,0x3F,0x63,0x63,0x63,0x63,0x67,
  0x3B,0x03,0x03,0x03,0x03,0x00,0x00,0x00,0x00,0x00,0x00,0x00,0x00,0x6E,0x73,0x63,
  0x60,0x60,0x60,0x60,0x00,0x00,0x00,0x00,0x00,0x00,0x00,0x00,0x00,0x00,0x00,0x00,
  0x3E,0x63,0x30,0x1C,0x06,0x63,0x3E,0x00,0x00,0x00,0x00,0x00,0x00,0x00,0x00,0x00,
  0x18,0x18,0x18,0x3E,0x18,0x18,0x18,0x18,0x18,0x0E,0x00,0x00,0x00,0x00,0x00,0x00,
  0x00,0x00,0x00,0x00,0x00,0x00,0x63,0x63,0x63,0x63,0x63,0x67,0x3B,0x00,0x00,0x00,
  0x00,0x00,0x00,0x00,0x00,0x00,0x00,0x00,0x00,0x63,0x63,0x63,0x63,0x36,0x1C,0x08,
  0x00,0x00,0x00,0x00,0x00,0x00,0x00,0x00,0x00,0x00,0x00,0x00,0x63,0x63,0x6B,0x6B,
  0x7F,0x36,0x36,0x00,0x00,0x00,0x00,0x00,0x00,0x00,0x00,0x00,0x00,0x00,0x00,0x63,
  0x63,0x36,0x1C,0x36,0x63,0x63,0x00,0x00,0x00,0x00,0x00,0x00,0x00,0x00,0x00,0x00,
  0x00,0x00,0x63,0x63,0x36,0x36,0x1C,0x1C,0x18,0x18,0x30,0x30,0x60,0x00,0x00,0x00,
  0x00,0x00,0x00,0x00,0x00,0x7E,0x06,0x0C,0x18,0x30,0x60,0x7E,0x00,0x00,0x00,0x00,
  0x00,0x00,0x00,0x0E,0x18,0x18,0x18,0x18,0x18,0x70,0x18,0x18,0x18,0x18,0x18,0x0E,
  0x00,0x00,0x00,0x00,0x00,0x00,0x18,0x18,0x18,0x18,0x18,0x18,0x00,0x18,0x18,0x18,
  0x18,0x18,0x18,0x00,0x00,0x00,0x00,0x00,0x00,0x38,0x0C,0x0C,0x0C,0x0C,0x0C,0x07,
  0x0C,0x0C,0x0C,0x0C,0x0C,0x38,0x00,0x00,0x00,0x00,0x00,0x00,0x00,0x39,0x7F,0x4E,
  0x00,0x00,0x00,0x00,0x00,0x00,0x00,0x00,0x00,0x00,0x00,0x00,0x00,0x00,0x00,0x00,
  0x00,0x00,0x00,0x08,0x1C,0x36,0x63,0x63,0x63,0x7F,0x00,0x00,0x00,0x00,0x00,0x00,
  0x00,0x00,0x00,0x1E,0x33,0x61,0x60,0x60,0x60,0x60,0x60,0x61,0x33,0x1E,0x08,0x0C,
  0x06,0x1C,0x00,0x00,0x00,0x00,0x33,0x22,0x00,0x00,0x63,0x63,0x63,0x63,0x63,0x67,
  0x3B,0x00,0x00,0x00,0x00,0x00,0x00,0x00,0x06,0x04,0x08,0x00,0x00,0x3E,0x63,0x63,
  0x7F,0x60,0x63,0x3E,0x00,0x00,0x00,0x00,0x00,0x00,0x00,0x08,0x1C,0x36,0x00,0x00,
  0x3E,0x03,0x1F,0x33,0x63,0x67,0x3B,0x00,0x00,0x00,0x00,0x00,0x00,0x00,0x00,0x33,
  0x22,0x00,0x00,0x3E,0x03,0x1F,0x33,0x63,0x67,0x3B,0x00,0x00,0x00,0x00,0x00,0x00,
  0x00,0x30,0x10,0x08,0x00,0x00,0x3E,0x03,0x1F,0x33,0x63,0x67,0x3B,0x00,0x00,0x00,
  0x00,0x00,0x00,0x00,0x0C,0x12,0x12,0x0C,0x00,0x3E,0x03,0x1F,0x33,0x63,0x67,0x3B,
  0x00,0x00,0x00,0x00,0x00,0x00,0x00,0x00,0x00,0x00,0x00,0x00,0x3E,0x63,0x60,0x60,
  0x60,0x63,0x3E,0x08,0x0C,0x06,0x1C,0x00,0x00,0x00,0x08,0x1C,0x36,0x00,0x00,0x3E,
  0x63,0x63,0x7F,0x60,0x63,0x3E,0x00,0x00,0x00,0x00,0x00,0x00,0x00,0x00,0x33,0x22,
  0x00,0x00,0x3E,0x63,0x63,0x7F,0x60,0x63,0x3E,0x00,0x00,0x00,0x00,0x00,0x00,0x00,
  0x30,0x10,0x08,0x00,0x00,0x3E,0x63,0x63,0x7F,0x60,0x63,0x3E,0x00,0x00,0x00,0x00,
  0x00,0x00,0x00,0x00,0x33,0x22,0x00,0x00,0x1C,0x0C,0x0C,0x0C,0x0C,0x0C,0x0C,0x00,
  0x00,0x00,0x00,0x00,0x00,0x00,0x08,0x1C,0x36,0x00,0x00,0x1C,0x0C,0x0C,0x0C,0x0C,
  0x0C,0x0C,0x00,0x00,0x00,0x00,0x00,0x00,0x00,0x30,0x10,0x08,0x00,0x00,0x1C,0x0C,
  0x0C,0x0C,0x0C,0x0C,0x0C,0x00,0x00,0x00,0x00,0x00,0x33,0x22,0x00,0x08,0x1C,0x36,
  0x63,0x63,0x63,0x7F,0x63,0x63,0x63,0x63,0x00,0x00,0x00,0x00,0x00,0x1C,0x22,0x1C,
  0x08,0x1C,0x36,0x63,0x63,0x63,0x7F,0x63,0x63,0x63,0x63,0x00,0x00,0x00,0x00,0x00,
  0x06,0x04,0x08,0x3F,0x30,0x30,0x30,0x30,0x3E,0x30,0x30,0x30,0x30,0x3F,0x00,0x00,
  0x00,0x00,0x00,0x00,0x00,0x00,0x00,0x00,0x00,0x00,0xEE,0x3B,0x7B,0xDF,0xD8,0xDB,
  0x6E,0x00,0x00,0x00,0x00,0x00,0x00,0x00,0x00,0x3F,0x3C,0x6C,0x6C,0xCC,0xCF,0xFC,
  0xCC,0xCC,0xCC,0xCF,0x00,0x00,0x00,0x00,0x00,0x00,0x00,0x08,0x1C,0x36,0x00,0x00,
  0x3E,0x63,0x63,0x63,0x63,0x63,0x3E,0x00,0x00,0x00,0x00,0x00,0x00,0x00,0x00,0x33,
  0x22,0x00,0x00,0x3E,0x63,0x63,0x63,0x63,0x63,0x3E,0x00,0x00,0x00,0x00,0x00,0x00,
  0x00,0x30,0x10,0x08,0x00,0x00,0x3E,0x63,0x63,0x63,0x63,0x63,0x3E,0x00,0x00,0x00,
  0x00,0x00,0x00,0x00,0x08,0x1C,0x36,0x00,0x00,0x63,0x63,0x63,0x63,0x63,0x67,0x3B,
  0x00,0x00,0x00,0x00,0x00,0x00,0x00,0x30,0x10,0x08,0x00,0x00,0x63,0x63,0x63,0x63,
  0x63,0x67,0x3B,0x00,0x00,0x00,0x00,0x00,0x00,0x00,0x00,0x33,0x22,0x00,0x00,0x63,
  0x63,0x36,0x36,0x1C,0x1C,0x18,0x18,0x30,0x30,0x60,0x00,0x63,0x42,0x00,0x1C,0x36,
  0x63,0x63,0x63,0x63,0x63,0x63,0x63,0x36,0x1C,0x00,0x00,0x00,0x00,0x00,0x63,0x42,
  0x00,0x63,0x63,0x63,0x63,0x63,0x63,0x63,0x63,0x63,0x63,0x3E,0x00,0x00,0x00,0x00,
  0x00,0x00,0x00,0x00,0x08,0x08,0x08,0x3E,0x6B,0x68,0x68,0x68,0x6B,0x3E,0x08,0x08,
  0x08,0x00,0x00,0x00,0x00,0x00,0x00,0x1C,0x36,0x32,0x30,0x30,0x7C,0x30,0x30,0x31,
  0x73,0x7E,0x00,0x00,0x00,0x00,0x00,0x00,0x00,0x00,0xC3,0x66,0x3C,0x18,0x7E,0x18,
  0x18,0x7E,0x18,0x18,0x18,0x00,0x00,0x00,0x00,0x00,0x00,0x00,0x00,0x78,0x6C,0x6C,
  0x6C,0x7A,0x66,0x6F,0x66,0x66,0x66,0x63,0x00,0x00,0x00,0x00,0x00,0x00,0x00,0x00,
  0x0E,0x1B,0x18,0x18,0x18,0x18,0x3E,0x18,0x18,0x18,0x18,0x18,0x70,0x00,0x00,0x00,
  0x00,0x00,0x06,0x04,0x08,0x00,0x00,0x3E,0x03,0x1F,0x33,0x63,0x67,0x3B,0x00,0x00,
  0x00,0x00,0x00,0x00,0x00,0x06,0x04,0x08,0x00,0x00,0x1C,0x0C,0x0C,0x0C,0x0C,0x0C,
  0x0C,0x00,0x00,0x00,0x00,0x00,0x00,0x00,0x06,0x04,0x08,0x00,0x00,0x3E,0x63,0x63,
  0x63,0x63,0x63,0x3E,0x00,0x00,0x00,0x00,0x00,0x00,0x00,0x06,0x04,0x08,0x00,0x00,
  0x63,0x63,0x63,0x63,0x63,0x67,0x3B,0x00,0x00,0x00,0x00,0x00,0x00,0x00,0x00,0x3B,
  0x6E,0x00,0x00,0x6E,0x73,0x63,0x63,0x63,0x63,0x63,0x00,0x00,0x00,0x00,0x00,0x3B,
  0x6E,0x00,0x63,0x73,0x73,0x7B,0x7B,0x6F,0x6F,0x67,0x67,0x63,0x63,0x00,0x00,0x00,
  0x00,0x00,0x00,0x00,0x00,0x38,0x0C,0x3C,0x6C,0x7C,0x00,0x7C,0x00,0x00,0x00,0x00,
  0x00,0x00,0x00,0x00,0x00,0x00,0x00,0x00,0x38,0x6C,0x6C,0x6C,0x38,0x00,0x7C,0x00,
  0x00,0x00,0x00,0x00,0x00,0x00,0x00,0x00,0x00,0x00,0x00,0x18,0x18,0x00,0x00,0x18,
  0x0C,0x18,0x30,0x61,0x63,0x3E,0x00,0x00,0x00,0x00,0x00,0x00,0x00,0x00,0x00,0x00,
  0x00,0x00,0x00,0x7E,0x60,0x60,0x60,0x00,0x00,0x00,0x00,0x00,0x00,0x00,0x00,0x00,
  0x00,0x00,0x00,0x00,0x00,0x00,0x7E,0x06,0x06,0x06,0x00,0x00,0x00,0x00,0x00,0x00,
  0x00,0x00,0x00,0x20,0x60,0xE0,0x63,0x66,0x6C,0x18,0x30,0x6E,0xDB,0x03,0x06,0x0C,
  0x1F,0x00,0x00,0x00,0x00,0x00,0x20,0x60,0xE0,0x63,0x66,0x6C,0x18,0x30,0x66,0xCE,
  0x16,0x26,0x3F,0x06,0x00,0x00,0x00,0x00,0x00,0x00,0x18,0x18,0x00,0x00,0x18,0x18,
  0x18,0x3C,0x3C,0x3C,0x18,0x00,0x00,0x00,0x00,0x00,0x00,0x00,0x00,0x00,0x00,0x11,
  0x33,0x66,0xCC,0x66,0x33,0x11,0x00,0x00,0x00,0x00,0x00,0x00,0x00,0x00,0x00,0x00,
  0x00,0x00,0x88,0xCC,0x66,0x33,0x66,0xCC,0x88,0x00,0x00,0x00,0x00,0x00,0x00,0x00,
  0x44,0x11,0x44,0x11,0x44,0x11,0x44,0x11,0x44,0x11,0x44,0x11,0x44,0x11,0x44,0x11,
  0x44,0x11,0x00,0xAA,0x55,0xAA,0x55,0xAA,0x55,0xAA,0x55,0xAA,0x55,0xAA,0x55,0xAA,
  0x55,0xAA,0x55,0xAA,0x55,0x00,0xDD,0x77,0xDD,0x77,0xDD,0x77,0xDD,0x77,0xDD,0x77,
  0xDD,0x77,0xDD,0x77,0xDD,0x77,0xDD,0x77,0x00,0x18,0x18,0x18,0x18,0x18,0x18,0x18,
  0x18,0x18,0x18,0x18,0x18,0x18,0x18,0x18,0x18,0x18,0x18,0x18,0x18,0x18,0x18,0x18,
  0x18,0x18,0x18,0x18,0xF8,0x18,0x18,0x18,0x18,0x18,0x18,0x18,0x18,0x18,0x18,0x18,
  0x18,0x18,0x18,0x18,0x18,0x18,0xF8,0xF8,0xF8,0x18,0x18,0x18,0x18,0x18,0x18,0x18,
  0x18,0x18,0x3C,0x3C,0x3C,0x3C,0x3C,0x3C,0x3C,0x3C,0xFC,0x3C,0x3C,0x3C,0x3C,0x3C,
  0x3C,0x3C,0x3C,0x3C,0x3C,0x00,0x00,0x00,0x00,0x00,0x00,0x00,0x00,0xFC,0x3C,0x3C,
  0x3C,0x3C,0x3C,0x3C,0x3C,0x3C,0x3C,0x3C,0x00,0x00,0x00,0x00,0x00,0x00,0x00,0xF8,
  0xF8,0xF8,0x18,0x18,0x18,0x18,0x18,0x18,0x18,0x18,0x18,0x3C,0x3C,0x3C,0x3C,0x3C,
  0x3C,0x3C,0xFC,0xFC,0xFC,0x3C,0x3C,0x3C,0x3C,0x3C,0x3C,0x3C,0x3C,0x3C,0x3C,0x3C,
  0x3C,0x3C,0x3C,0x3C,0x3C,0x3C,0x3C,0x3C,0x3C,0x3C,0x3C,0x3C,0x3C,0x3C,0x3C,0x3C,
  0x3C,0x00,0x00,0x00,0x00,0x00,0x00,0x00,0xFC,0xFC,0xFC,0x3C,0x3C,0x3C,0x3C,0x3C,
  0x3C,0x3C,0x3C,0x3C,0x3C,0x3C,0x3C,0x3C,0x3C,0x3C,0x3C,0xFC,0xFC,0xFC,0x00,0x00,
  0x00,0x00,0x00,0x00,0x00,0x00,0x00,0x3C,0x3C,0x3C,0x3C,0x3C,0x3C,0x3C,0x3C,0xFC,
  0x00,0x00,0x00,0x00,0x00,0x00,0x00,0x00,0x00,0x00,0x18,0x18,0x18,0x18,0x18,0x18,
  0x18,0xF8,0xF8,0xF8,0x00,0x00,0x00,0x00,0x00,0x00,0x00,0x00,0x00,0x00,0x00,0x00,
  0x00,0x00,0x00,0x00,0x00,0xF8,0x18,0x18,0x18,0x18,0x18,0x18,0x18,0x18,0x18,0x18,
  0x18,0x18,0x18,0x18,0x18,0x18,0x18,0x18,0x1F,0x00,0x00,0x00,0x00,0x00,0x00,0x00,
  0x00,0x00,0x00,0x18,0x18,0x18,0x18,0x18,0x18,0x18,0x18,0xFF,0x00,0x00,0x00,0x00,
  0x00,0x00,0x00,0x00,0x00,0x00,0x00,0x00,0x00,0x00,0x00,0x00,0x00,0x00,0xFF,0x18,
  0x18,0x18,0x18,0x18,0x18,0x18,0x18,0x18,0x18,0x18,0x18,0x18,0x18,0x18,0x18,0x18,
  0x18,0x1F,0x18,0x18,0x18,0x18,0x18,0x18,0x18,0x18,0x18,0x18,0x00,0x00,0x00,0x00,
  0x00,0x00,0x00,0x00,0xFF,0x00,0x00,0x00,0x00,0x00,0x00,0x00,0x00,0x00,0x00,0x18,
  0x18,0x18,0x18,0x18,0x18,0x18,0x18,0xFF,0x18,0x18,0x18,0x18,0x18,0x18,0x18,0x18,
  0x18,0x18,0x18,0x18,0x18,0x18,0x18,0x18,0x18,0x1F,0x1F,0x1F,0x18,0x18,0x18,0x18,
  0x18,0x18,0x18,0x18,0x18,0x3C,0x3C,0x3C,0x3C,0x3C,0x3C,0x3C,0x3C,0x3F,0x3C,0x3C,
  0x3C,0x3C,0x3C,0x3C,0x3C,0x3C,0x3C,0x3C,0x3C,0x3C,0x3C,0x3C,0x3C,0x3C,0x3C,0x3F,
  0x3F,0x3F,0x00,0x00,0x00,0x00,0x00,0x00,0x00,0x00,0x00,0x00,0x00,0x00,0x00,0x00,
  0x00,0x00,0x3F,0x3F,0x3F,0x3C,0x3C,0x3C,0x3C,0x3C,0x3C,0x3C,0x3C,0x3C,0x3C,0x3C,
  0x3C,0x3C,0x3C,0x3C,0x3C,0xFF,0xFF,0xFF,0x00,0x00,0x00,0x00,0x00,0x00,0x00,0x00,
  0x00,0x00,0x00,0x00,0x00,0x00,0x00,0x00,0xFF,0xFF,0xFF,0x3C,0x3C,0x3C,0x3C,0x3C,
  0x3C,0x3C,0x3C,0x3C,0x3C,0x3C,0x3C,0x3C,0x3C,0x3C,0x3C,0x3F,0x3F,0x3F,0x3C,0x3C,
  0x3C,0x3C,0x3C,0x3C,0x3C,0x3C,0x3C,0x00,0x00,0x00,0x00,0x00,0x00,0x00,0xFF,0xFF,
  0xFF,0x00,0x00,0x00,0x00,0x00,0x00,0x00,0x00,0x00,0x3C,0x3C,0x3C,0x3C,0x3C,0x3C,
  0x3C,0xFF,0xFF,0xFF,0x3C,0x3C,0x3C,0x3C,0x3C,0x3C,0x3C,0x3C,0x3C,0x18,0x18,0x18,
  0x18,0x18,0x18,0x18,0xFF,0xFF,0xFF,0x00,0x00,0x00,0x00,0x00,0x00,0x00,0x00,0x00,
  0x3C,0x3C,0x3C,0x3C,0x3C,0x3C,0x3C,0x3C,0xFF,0x00,0x00,0x00,0x00,0x00,0x00,0x00,
  0x00,0x00,0x00,0x00,0x00,0x00,0x00,0x00,0x00,0x00,0xFF,0xFF,0xFF,0x18,0x18,0x18,
  0x18,0x18,0x18,0x18,0x18,0x18,0x00,0x00,0x00,0x00,0x00,0x00,0x00,0x00,0xFF,0x3C,
  0x3C,0x3C,0x3C,0x3C,0x3C,0x3C,0x3C,0x3C,0x3C,0x3C,0x3C,0x3C,0x3C,0x3C,0x3C,0x3C,
  0x3C,0x3F,0x00,0x00,0x00,0x00,0x00,0x00,0x00,0x00,0x00,0x00,0x18,0x18,0x18,0x18,
  0x18,0x18,0x18,0x1F,0x1F,0x1F,0x00,0x00,0x00,0x00,0x00,0x00,0x00,0x00,0x00,0x00,
  0x00,0x00,0x00,0x00,0x00,0x00,0x1F,0x1F,0x1F,0x18,0x18,0x18,0x18,0x18,0x18,0x18,
  0x18,0x18,0x00,0x00,0x00,0x00,0x00,0x00,0x00,0x00,0x3F,0x3C,0x3C,0x3C,0x3C,0x3C,
  0x3C,0x3C,0x3C,0x3C,0x3C,0x3C,0x3C,0x3C,0x3C,0x3C,0x3C,0x3C,0x3C,0xFF,0x3C,0x3C,
  0x3C,0x3C,0x3C,0x3C,0x3C,0x3C,0x3C,0x3C,0x18,0x18,0x18,0x18,0x18,0x18,0x18,0xFF,
  0xFF,0xFF,0x18,0x18,0x18,0x18,0x18,0x18,0x18,0x18,0x18,0x18,0x18,0x18,0x18,0x18,
  0x18,0x18,0x18,0xF8,0x00,0x00,0x00,0x00,0x00,0x00,0x00,0x00,0x00,0x00,0x00,0x00,
  0x00,0x00,0x00,0x00,0x00,0x00,0x1F,0x18,0x18,0x18,0x18,0x18,0x18,0x18,0x18,0x18,
  0x18,0xFF,0xFF,0xFF,0xFF,0xFF,0xFF,0xFF,0xFF,0xFF,0xFF,0xFF,0xFF,0xFF,0xFF,0xFF,
  0xFF,0xFF,0xFF,0xFF,0x00,0x00,0x00,0x00,0x00,0x00,0x00,0x00,0x00,0xFF,0xFF,0xFF,
  0xFF,0xFF,0xFF,0xFF,0xFF,0xFF,0xFF,0xF0,0xF0,0xF0,0xF0,0xF0,0xF0,0xF0,0xF0,0xF0,
  0xF0,0xF0,0xF0,0xF0,0xF0,0xF0,0xF0,0xF0,0xF0,0xF0,0x0F,0x0F,0x0F,0x0F,0x0F,0x0F,
  0x0F,0x0F,0x0F,0x0F,0x0F,0x0F,0x0F,0x0F,0x0F,0x0F,0x0F,0x0F,0x0F,0xFF,0xFF,0xFF,
  0xFF,0xFF,0xFF,0xFF,0xFF,0xFF,0x00,0x00,0x00,0x00,0x00,0x00,0x00,0x00,0x00,0x00,
  0x00,0x00,0x00,0x00,0x00,0x00,0x00,0x3B,0x6E,0x66,0x66,0x66,0x6E,0x3B,0x00,0x00,
  0x00,0x00,0x00,0x00,0x00,0x3C,0x66,0x66,0x66,0x6C,0x6C,0x66,0x63,0x63,0x63,0x63,
  0x6E,0x60,0x60,0x20,0x00,0x00,0x00,0x00,0x00,0x7F,0x63,0x61,0x60,0x60,0x60,0x60,
  0x60,0x60,0x60,0x60,0x00,0x00,0x00,0x00,0x00,0x00,0x00,0x00,0x00,0x00,0x00,0x00,
  0x3F,0x76,0x36,0x36,0x36,0x36,0x33,0x00,0x00,0x00,0x00,0x00,0x00,0x00,0x00,0x7F,
  0x70,0x30,0x38,0x18,0x1C,0x18,0x38,0x30,0x70,0x7F,0x00,0x00,0x00,0x00,0x00,0x00,
  0x00,0x00,0x00,0x00,0x00,0x00,0x7F,0xCC,0xCC,0xCC,0xCC,0xCC,0x78,0x00,0x00,0x00,
  0x00,0x00,0x00,0x00,0x00,0x00,0x00,0x00,0x00,0x66,0x66,0x66,0x66,0x66,0x6E,0x7B,
  0x60,0x60,0x60,0xC0,0x00,0x00,0x00,0x00,0x00,0x00,0x00,0x00,0x3F,0x6C,0x4C,0x0C,
  0x0C,0x0C,0x06,0x00,0x00,0x00,0x00,0x00,0x00,0x00,0x00,0x3C,0x18,0x3C,0x5A,0xDB,
  0xDB,0xDB,0x5A,0x3C,0x18,0x3C,0x00,0x00,0x00,0x00,0x00,0x00,0x00,0x00,0x1C,0x36,
  0x63,0x63,0x67,0x7F,0x73,0x63,0x63,0x36,0x1C,0x00,0x00,0x00,0x00,0x00,0x00,0x00,
  0x00,0x1C,0x36,0x63,0x63,0x63,0x63,0x63,0x63,0x36,0x14,0x77,0x00,0x00,0x00,0x00,
  0x00,0x00,0x00,0x1C,0x36,0x32,0x30,0x18,0x3C,0x66,0x66,0x66,0x66,0x66,0x3C,0x00,
  0x00,0x00,0x00,0x00,0x00,0x00,0x00,0x00,0x00,0x00,0x76,0xDB,0xDB,0xDB,0xDB,0x6E,
  0x00,0x00,0x00,0x00,0x00,0x00,0x00,0x00,0x00,0x00,0x0C,0x0C,0x0C,0x7E,0xDB,0xDB,
  0xDB,0xDB,0x7E,0x30,0x30,0x30,0x00,0x00,0x00,0x00,0x00,0x00,0x00,0x1E,0x30,0x60,
  0x60,0x60,0x7E,0x60,0x60,0x60,0x30,0x1E,0x00,0x00,0x00,0x00,0x00,0x00,0x00,0x00,
  0x3E,0x63,0x63,0x63,0x63,0x63,0x63,0x63,0x63,0x63,0x63,0x00,0x00,0x00,0x00,0x00,
  0x00,0x00,0x00,0x00,0x00,0x7E,0x00,0x00,0x7E,0x00,0x00,0x7E,0x00,0x00,0x00,0x00,
  0x00,0x00,0x00,0x00,0x00,0x00,0x00,0x18,0x18,0x18,0x7E,0x18,0x18,0x18,0x00,0x7E,
  0x00,0x00,0x00,0x00,0x00,0x00,0x00,0x00,0x00,0x00,0x60,0x30,0x18,0x0C,0x06,0x7E,
  0x00,0x00,0x7E,0x00,0x00,0x00,0x00,0x00,0x00,0x00,0x00,0x00,0x00,0x06,0x0C,0x18,
  0x30,0x60,0x7E,0x00,0x00,0x7E,0x00,0x00,0x00,0x00,0x00,0x00,0x00,0x00,0x00,0x0E,
  0x1B,0x1B,0x1B,0x18,0x18,0x18,0x18,0x18,0x18,0x18,0x18,0x18,0x18,0x18,0x18,0x18,
  0x18,0x18,0x18,0x18,0x18,0x18,0x18,0x18,0x18,0xD8,0xD8,0xD8,0x70,0x00,0x00,0x00,
  0x00,0x00,0x00,0x00,0x00,0x00,0x18,0x18,0x00,0x00,0x7E,0x00,0x00,0x18,0x18,0x00,
  0x00,0x00,0x00,0x00,0x00,0x00,0x00,0x00,0x00,0x00,0x3B,0x6E,0x00,0x00,0x3B,0x6E,
  0x00,0x00,0x00,0x00,0x00,0x00,0x00,0x00,0x00,0x00,0x3C,0x66,0x66,0x66,0x3C,0x00,
  0x00,0x00,0x00,0x00,0x00,0x00,0x00,0x00,0x00,0x00,0x00,0x00,0x00,0x00,0x00,0x00,
  0x00,0x00,0x1C,0x1C,0x1C,0x00,0x00,0x00,0x00,0x00,0x00,0x00,0x00,0x00,0x00,0x00,
  0x00,0x00,0x00,0x00,0x00,0x00,0x18,0x00,0x00,0x00,0x00,0x00,0x00,0x00,0x00,0x00,
  0x00,0x00,0x00,0x0F,0x0C,0x0C,0x6C,0xEC,0x6C,0x3C,0x3C,0x1C,0x1C,0x0C,0x0C,0x00,
  0x00,0x00,0x00,0x00,0x00,0x00,0x6C,0x76,0x66,0x66,0x66,0x66,0x00,0x00,0x00,0x00,
  0x00,0x00,0x00,0x00,0x00,0x00,0x00,0x00,0x00,0x38,0x6C,0x0C,0x18,0x30,0x7C,0x00,
  0x00,0x00,0x00,0x00,0x00,0x00,0x00,0x00,0x00,0x00,0x00,0x00,0x00,0x00,0x00,0x3E,
  0x3E,0x3E,0x3E,0x3E,0x3E,0x3E,0x3E,0x00,0x00,0x00,0x00,0x00,0x00,0x00,0x00,0x00,
  0x00,0x00,0x00,0x00,0x00,0x00,0x00,0x00,0x00,0x00,0x00,0x00,0x00,0x00,0x00,0x00
};

const unsigned char far md_h5_font[4096]={
  0x00,0x00,0x00,0x00,0x00,0x00,0x00,0x00,0x00,0x00,0x00,0x00,0x00,0x00,0x00,0x00,
  0x00,0x00,0x7E,0x81,0xA5,0x81,0x81,0xBD,0x99,0x81,0x81,0x7E,0x00,0x00,0x00,0x00,
  0x00,0x00,0x7E,0xFF,0xDB,0xFF,0xFF,0xC3,0xE7,0xFF,0xFF,0x7E,0x00,0x00,0x00,0x00,
  0x00,0x00,0x6C,0xEE,0xFE,0xFE,0xFE,0x7C,0x7C,0x38,0x38,0x10,0x10,0x00,0x00,0x00,
  0x00,0x00,0x10,0x38,0x38,0x7C,0x7C,0xFE,0x7C,0x7C,0x38,0x38,0x10,0x00,0x00,0x00,
  0x00,0x00,0x38,0x38,0x38,0x10,0xD6,0xFE,0xFE,0xD6,0x10,0x10,0x38,0x00,0x00,0x00,
  0x00,0x00,0x10,0x38,0x38,0x7C,0x7C,0xFE,0xFE,0xD6,0x10,0x10,0x38,0x00,0x00,0x00,
  0x00,0x00,0x00,0x00,0x18,0x3C,0x3C,0x3C,0x3C,0x18,0x00,0x00,0x00,0x00,0x00,0x00,
  0xFF,0xFF,0xFF,0xFF,0xE7,0xC3,0xC3,0xC3,0xC3,0xE7,0xFF,0xFF,0xFF,0xFF,0xFF,0xFF,
  0x00,0x00,0x00,0x3C,0x24,0x66,0x42,0x42,0x42,0x66,0x24,0x3C,0x00,0x00,0x00,0x00,
  0xFF,0xFF,0xFF,0xC3,0xDB,0x99,0xBD,0xBD,0xBD,0x99,0xDB,0xC3,0xFF,0xFF,0xFF,0xFF,
  0x00,0x00,0x3E,0x0E,0x0A,0x1A,0x10,0x78,0xCC,0xCC,0xCC,0xCC,0x78,0x00,0x00,0x00,
  0x00,0x00,0x3C,0x66,0x66,0x66,0x66,0x3C,0x18,0x18,0x7E,0x18,0x18,0x00,0x00,0x00,
  0x00,0x10,0x18,0x1C,0x1E,0x16,0x12,0x12,0x10,0x10,0x70,0xF0,0xE0,0x00,0x00,0x00,
  0x00,0x30,0x38,0x2E,0x26,0x32,0x3A,0x2E,0x26,0x22,0xE2,0xC2,0x0E,0x0C,0x00,0x00,
  0x00,0x10,0x92,0xBA,0x44,0x44,0x44,0xC6,0x44,0x44,0x44,0xBA,0x92,0x10,0x00,0x00,
  0x00,0x00,0x00,0x80,0xC0,0xF0,0xF8,0xFE,0xF8,0xF0,0xC0,0x80,0x00,0x00,0x00,0x00,
  0x00,0x00,0x00,0x02,0x0E,0x1E,0x3E,0xFE,0x3E,0x1E,0x06,0x02,0x00,0x00,0x00,0x00,
  0x00,0x00,0x18,0x3C,0x7E,0x5A,0x18,0x18,0x18,0x5A,0x7E,0x3C,0x18,0x00,0x00,0x00,
  0x00,0x00,0x6C,0x6C,0x6C,0x6C,0x6C,0x6C,0x48,0x48,0x00,0x6C,0x6C,0x00,0x00,0x00,
  0x00,0x00,0x7F,0xD6,0xD6,0xD6,0xD6,0x76,0x16,0x16,0x16,0x16,0x16,0x00,0x00,0x00,
  0x00,0x3C,0x64,0x60,0x30,0x58,0xCC,0xC6,0x66,0x34,0x18,0x0C,0x4C,0x78,0x00,0x00,
  0x00,0x00,0x00,0x00,0x00,0x00,0x00,0x7E,0x7E,0x7E,0x7E,0x7E,0x7E,0x00,0x00,0x00,
  0x00,0x00,0x18,0x3C,0x7E,0x5A,0x18,0x18,0x18,0x5A,0x7E,0x3C,0x18,0x00,0xFF,0x00,
  0x00,0x00,0x18,0x3C,0x7E,0x5A,0x18,0x18,0x18,0x18,0x18,0x18,0x18,0x00,0x00,0x00,
  0x00,0x00,0x18,0x18,0x18,0x18,0x18,0x18,0x18,0x5A,0x7E,0x3C,0x18,0x00,0x00,0x00,
  0x00,0x00,0x00,0x00,0x18,0x0C,0xFE,0xFE,0x0C,0x18,0x00,0x00,0x00,0x00,0x00,0x00,
  0x00,0x00,0x00,0x00,0x30,0x60,0xFE,0xFE,0x60,0x30,0x00,0x00,0x00,0x00,0x00,0x00,
  0x00,0x00,0x00,0x00,0xC0,0xC0,0xC0,0xC0,0xC0,0xFE,0x00,0x00,0x00,0x00,0x00,0x00,
  0x00,0x00,0x00,0x00,0x24,0x66,0xFF,0xFF,0x66,0x24,0x00,0x00,0x00,0x00,0x00,0x00,
  0x00,0x00,0x00,0x10,0x10,0x38,0x38,0x7C,0x7C,0xFE,0xFE,0x00,0x00,0x00,0x00,0x00,
  0x00,0x00,0x00,0xFE,0xFE,0x7C,0x7C,0x38,0x38,0x10,0x10,0x00,0x00,0x00,0x00,0x00,
  0x00,0x00,0x00,0x00,0x00,0x00,0x00,0x00,0x00,0x00,0x00,0x00,0x00,0x00,0x00,0x00,
  0x00,0x00,0x30,0x30,0x30,0x30,0x30,0x20,0x20,0x00,0x00,0x30,0x30,0x00,0x00,0x00,
  0x00,0x00,0x6C,0x6C,0x48,0x48,0x00,0x00,0x00,0x00,0x00,0x00,0x00,0x00,0x00,0x00,
  0x00,0x00,0x24,0x24,0x7E,0x7E,0x24,0x24,0x24,0x7E,0x7E,0x24,0x24,0x00,0x00,0x00,
  0x10,0x10,0x3C,0x66,0x66,0x60,0x70,0x3C,0x0E,0x06,0x66,0x66,0x3C,0x10,0x10,0x00,
  0x00,0x70,0xD8,0xD8,0xD8,0x72,0x0E,0x38,0xE0,0x9C,0x36,0x36,0x36,0x1C,0x00,0x00,
  0x00,0x00,0x38,0x6C,0x6C,0x28,0x30,0x5A,0xDA,0xCC,0xCC,0xD6,0x76,0x00,0x00,0x00,
  0x00,0x00,0x30,0x30,0x20,0x20,0x00,0x00,0x00,0x00,0x00,0x00,0x00,0x00,0x00,0x00,
  0x00,0x0C,0x18,0x18,0x30,0x30,0x30,0x30,0x30,0x30,0x30,0x18,0x18,0x0C,0x00,0x00,
  0x00,0x60,0x30,0x30,0x18,0x18,0x18,0x18,0x18,0x18,0x18,0x30,0x30,0x60,0x00,0x00,
  0x00,0x00,0x00,0x00,0x00,0x66,0x3C,0xFF,0x3C,0x66,0x00,0x00,0x00,0x00,0x00,0x00,
  0x00,0x00,0x00,0x00,0x00,0x18,0x18,0x7E,0x18,0x18,0x00,0x00,0x00,0x00,0x00,0x00,
  0x00,0x00,0x00,0x00,0x00,0x00,0x00,0x00,0x00,0x00,0x00,0x30,0x30,0x20,0x20,0x00,
  0x00,0x00,0x00,0x00,0x00,0x00,0x00,0xFE,0x00,0x00,0x00,0x00,0x00,0x00,0x00,0x00,
  0x00,0x00,0x00,0x00,0x00,0x00,0x00,0x00,0x00,0x00,0x00,0x30,0x30,0x00,0x00,0x00,
  0x00,0x02,0x02,0x06,0x04,0x0C,0x08,0x18,0x10,0x30,0x20,0x60,0x40,0x40,0x00,0x00,
  0x00,0x00,0x7C,0xC6,0xCE,0xCE,0xD6,0xD6,0xD6,0xE6,0xE6,0xC6,0x7C,0x00,0x00,0x00,
  0x00,0x00,0x18,0x78,0x18,0x18,0x18,0x18,0x18,0x18,0x18,0x18,0x7E,0x00,0x00,0x00,
  0x00,0x00,0x3C,0x66,0x66,0x06,0x0C,0x18,0x30,0x20,0x40,0x7E,0x7E,0x00,0x00,0x00,
  0x00,0x00,0x3C,0x66,0x66,0x06,0x06,0x1C,0x06,0x06,0x66,0x66,0x3C,0x00,0x00,0x00,
  0x00,0x00,0x1C,0x3C,0x2C,0x6C,0x4C,0xCC,0x8C,0xFE,0x0C,0x0C,0x3E,0x00,0x00,0x00,
  0x00,0x00,0x7E,0x7E,0x40,0x40,0x5C,0x66,0x06,0x06,0x66,0x66,0x3C,0x00,0x00,0x00,
  0x00,0x00,0x3C,0x66,0x60,0x60,0x7C,0x66,0x66,0x66,0x66,0x66,0x3C,0x00,0x00,0x00,
  0x00,0x00,0x7E,0x7E,0x42,0x44,0x04,0x0C,0x0C,0x18,0x18,0x18,0x18,0x00,0x00,0x00,
  0x00,0x00,0x3C,0x66,0x66,0x66,0x66,0x3C,0x66,0x66,0x66,0x66,0x3C,0x00,0x00,0x00,
  0x00,0x00,0x3C,0x66,0x66,0x66,0x66,0x3E,0x06,0x06,0x66,0x66,0x3C,0x00,0x00,0x00,
  0x00,0x00,0x00,0x00,0x00,0x18,0x18,0x00,0x00,0x00,0x00,0x18,0x18,0x00,0x00,0x00,
  0x00,0x00,0x00,0x00,0x00,0x18,0x18,0x00,0x00,0x00,0x00,0x18,0x18,0x10,0x10,0x00,
  0x00,0x00,0x06,0x0C,0x18,0x30,0x60,0xC0,0x60,0x30,0x18,0x0C,0x06,0x00,0x00,0x00,
  0x00,0x00,0x00,0x00,0x00,0x00,0xFE,0x00,0x00,0xFE,0x00,0x00,0x00,0x00,0x00,0x00,
  0x00,0x00,0xC0,0x60,0x30,0x18,0x0C,0x06,0x0C,0x18,0x30,0x60,0xC0,0x00,0x00,0x00,
  0x00,0x00,0x7C,0xC6,0xC6,0x06,0x0C,0x18,0x30,0x20,0x00,0x30,0x30,0x00,0x00,0x00,
  0x00,0x38,0x44,0x86,0x9E,0xB6,0xB6,0xB6,0xB6,0xB6,0x9A,0x80,0x40,0x3C,0x00,0x00,
  0x00,0x00,0x78,0x38,0x28,0x6C,0x4C,0x4C,0x4C,0xFE,0x86,0x86,0xCE,0x00,0x00,0x00,
  0x00,0x00,0xFC,0x66,0x66,0x66,0x66,0x7C,0x66,0x66,0x66,0x66,0xFC,0x00,0x00,0x00,
  0x00,0x00,0x7C,0xC6,0xC6,0xC0,0xC0,0xC0,0xC0,0xC2,0xC2,0xC6,0x7C,0x00,0x00,0x00,
  0x00,0x00,0xFC,0x66,0x66,0x66,0x66,0x66,0x66,0x66,0x66,0x66,0xFC,0x00,0x00,0x00,
  0x00,0x00,0xFE,0x66,0x60,0x60,0x64,0x7C,0x64,0x60,0x60,0x66,0xFE,0x00,0x00,0x00,
  0x00,0x00,0xFE,0x66,0x60,0x60,0x64,0x7C,0x64,0x60,0x60,0x60,0xF0,0x00,0x00,0x00,
  0x00,0x00,0x7C,0xC6,0xC6,0xC0,0xC0,0xDE,0xC6,0xC6,0xC6,0xC6,0x7C,0x00,0x00,0x00,
  0x00,0x00,0xEE,0x66,0x66,0x66,0x66,0x7E,0x66,0x66,0x66,0x66,0xEE,0x00,0x00,0x00,
  0x00,0x00,0x7E,0x18,0x18,0x18,0x18,0x18,0x18,0x18,0x18,0x18,0x7E,0x00,0x00,0x00,
  0x00,0x00,0x3E,0x0C,0x0C,0x0C,0x0C,0x0C,0x0C,0xCC,0xCC,0xCC,0x78,0x00,0x00,0x00,
  0x00,0x00,0xEE,0xC4,0xCC,0xD8,0xF0,0xD8,0xD8,0xCC,0xCC,0xC6,0xEE,0x00,0x00,0x00,
  0x00,0x00,0xF0,0x60,0x60,0x60,0x60,0x60,0x60,0x60,0x66,0x66,0xFE,0x00,0x00,0x00,
  0x00,0x00,0xC6,0xC6,0xEE,0xEE,0xB6,0xB6,0x96,0x86,0x86,0x86,0xCE,0x00,0x00,0x00,
  0x00,0x00,0xE6,0x62,0x72,0x72,0x5A,0x5A,0x4E,0x4E,0x46,0x46,0xE2,0x00,0x00,0x00,
  0x00,0x00,0x7C,0xC6,0xC6,0xC6,0xC6,0xC6,0xC6,0xC6,0xC6,0xC6,0x7C,0x00,0x00,0x00,
  0x00,0x00,0xFC,0x66,0x66,0x66,0x66,0x7C,0x60,0x60,0x60,0x60,0xF0,0x00,0x00,0x00,
  0x00,0x00,0x7C,0xC6,0xC6,0xC6,0xC6,0xC6,0xC6,0xC6,0xF6,0xD6,0x7C,0x08,0x0E,0x00,
  0x00,0x00,0xFC,0x66,0x66,0x66,0x66,0x7C,0x6C,0x6C,0x66,0x66,0xEE,0x00,0x00,0x00,
  0x00,0x00,0x3C,0x66,0x66,0x60,0x70,0x3C,0x0E,0x06,0x66,0x66,0x3C,0x00,0x00,0x00,
  0x00,0x00,0xFE,0xB6,0xB6,0x30,0x30,0x30,0x30,0x30,0x30,0x30,0x78,0x00,0x00,0x00,
  0x00,0x00,0xE6,0x62,0x62,0x62,0x62,0x62,0x62,0x62,0x62,0x66,0x3C,0x00,0x00,0x00,
  0x00,0x00,0xE6,0xC2,0xC6,0xC4,0x64,0x6C,0x68,0x68,0x38,0x30,0x30,0x00,0x00,0x00,
  0x00,0x00,0xE6,0xC2,0xC2,0xD2,0xD2,0xD2,0xD6,0xD4,0xD4,0xEC,0xC4,0x00,0x00,0x00,
  0x00,0x00,0xC6,0xC4,0x6C,0x68,0x38,0x10,0x38,0x2C,0x6C,0x46,0xC6,0x00,0x00,0x00,
  0x00,0x00,0xE6,0xC2,0xC6,0x64,0x6C,0x68,0x38,0x30,0x30,0x30,0x78,0x00,0x00,0x00,
  0x00,0x00,0x7E,0x66,0x0C,0x0C,0x18,0x18,0x18,0x30,0x30,0x66,0x7E,0x00,0x00,0x00,
  0x00,0x3C,0x30,0x30,0x30,0x30,0x30,0x30,0x30,0x30,0x30,0x30,0x30,0x3C,0x00,0x00,
  0x00,0x40,0x40,0x60,0x20,0x30,0x10,0x18,0x08,0x0C,0x04,0x06,0x02,0x02,0x00,0x00,
  0x00,0x78,0x18,0x18,0x18,0x18,0x18,0x18,0x18,0x18,0x18,0x18,0x18,0x78,0x00,0x00,
  0x00,0x10,0x38,0x6C,0xC6,0x00,0x00,0x00,0x00,0x00,0x00,0x00,0x00,0x00,0x00,0x00,
  0x00,0x00,0x00,0x00,0x00,0x00,0x00,0x00,0x00,0x00,0x00,0x00,0x00,0xFF,0xFF,0x00,
  0x00,0x10,0x10,0x18,0x18,0x00,0x00,0x00,0x00,0x00,0x00,0x00,0x00,0x00,0x00,0x00,
  0x00,0x00,0x00,0x00,0x00,0x78,0xCC,0x0C,0x7C,0xCC,0xCC,0xCC,0x76,0x00,0x00,0x00,
  0x00,0x00,0xE0,0x60,0x60,0x6C,0x76,0x66,0x66,0x66,0x66,0x76,0xEC,0x00,0x00,0x00,
  0x00,0x00,0x00,0x00,0x00,0x3E,0x66,0x60,0x60,0x60,0x62,0x66,0x3C,0x00,0x00,0x00,
  0x00,0x00,0x1C,0x0C,0x0C,0x6C,0xDC,0xCC,0xCC,0xCC,0xCC,0xDC,0x6E,0x00,0x00,0x00,
  0x00,0x00,0x00,0x00,0x00,0x3C,0x66,0x66,0x7E,0x60,0x60,0x66,0x3C,0x00,0x00,0x00,
  0x00,0x00,0x1E,0x36,0x30,0x30,0x7E,0x30,0x30,0x30,0x30,0x30,0x78,0x00,0x00,0x00,
  0x00,0x00,0x00,0x00,0x00,0x6E,0xDC,0xCC,0xCC,0xCC,0xDC,0x6C,0x0C,0xCC,0x78,0x00,
  0x00,0x00,0xE0,0x60,0x60,0x6C,0x76,0x66,0x66,0x66,0x66,0x66,0xE6,0x00,0x00,0x00,
  0x00,0x00,0x18,0x18,0x00,0x38,0x18,0x18,0x18,0x18,0x18,0x18,0x7E,0x00,0x00,0x00,
  0x00,0x00,0x0C,0x0C,0x00,0x3C,0x0C,0x0C,0x0C,0x0C,0x0C,0x0C,0xCC,0xC8,0x78,0x00,
  0x00,0x00,0xE0,0x60,0x60,0x6E,0x64,0x68,0x78,0x6C,0x6C,0x66,0xEE,0x00,0x00,0x00,
  0x00,0x00,0x38,0x18,0x18,0x18,0x18,0x18,0x18,0x18,0x18,0x18,0x7E,0x00,0x00,0x00,
  0x00,0x00,0x00,0x00,0x00,0xFC,0xD6,0xD6,0xD6,0xD6,0xD6,0xD6,0xD6,0x00,0x00,0x00,
  0x00,0x00,0x00,0x00,0x00,0xEC,0x76,0x66,0x66,0x66,0x66,0x66,0xEE,0x00,0x00,0x00,
  0x00,0x00,0x00,0x00,0x00,0x3C,0x66,0x66,0x66,0x66,0x66,0x66,0x3C,0x00,0x00,0x00,
  0x00,0x00,0x00,0x00,0x00,0xEC,0x76,0x66,0x66,0x66,0x76,0x6C,0x60,0x60,0xF0,0x00,
  0x00,0x00,0x00,0x00,0x00,0x6E,0xDC,0xCC,0xCC,0xCC,0xDC,0x6C,0x0C,0x0C,0x1E,0x00,
  0x00,0x00,0x00,0x00,0x00,0xEC,0x76,0x66,0x60,0x60,0x60,0x60,0xF0,0x00,0x00,0x00,
  0x00,0x00,0x00,0x00,0x00,0x3E,0x66,0x60,0x38,0x1C,0x06,0x66,0x7C,0x00,0x00,0x00,
  0x00,0x00,0x00,0x30,0x30,0x7E,0x30,0x30,0x30,0x30,0x30,0x30,0x1E,0x00,0x00,0x00,
  0x00,0x00,0x00,0x00,0x00,0xEE,0x66,0x66,0x66,0x66,0x66,0x6E,0x36,0x00,0x00,0x00,
  0x00,0x00,0x00,0x00,0x00,0xE6,0xC2,0xC6,0x64,0x6C,0x68,0x30,0x30,0x00,0x00,0x00,
  0x00,0x00,0x00,0x00,0x00,0xE6,0xC2,0xD2,0xD2,0xDA,0x7C,0x6C,0x44,0x00,0x00,0x00,
  0x00,0x00,0x00,0x00,0x00,0xEE,0x64,0x78,0x30,0x18,0x3C,0x4C,0xEE,0x00,0x00,0x00,
  0x00,0x00,0x00,0x00,0x00,0xE6,0xC2,0x66,0x64,0x34,0x34,0x18,0x18,0x08,0x70,0x00,
  0x00,0x00,0x00,0x00,0x00,0x7E,0x46,0x0C,0x1C,0x38,0x30,0x62,0x7E,0x00,0x00,0x00,
  0x00,0x0E,0x18,0x18,0x18,0x18,0x18,0x70,0x18,0x18,0x18,0x18,0x18,0x0E,0x00,0x00,
  0x00,0x30,0x30,0x30,0x30,0x30,0x30,0x00,0x30,0x30,0x30,0x30,0x30,0x30,0x00,0x00,
  0x00,0xE0,0x30,0x30,0x30,0x30,0x30,0x1C,0x30,0x30,0x30,0x30,0x30,0xE0,0x00,0x00,
  0x00,0x71,0xDB,0x8E,0x00,0x00,0x00,0x00,0x00,0x00,0x00,0x00,0x00,0x00,0x00,0x00,
  0x00,0x00,0x00,0x00,0x00,0x10,0x38,0x38,0x6C,0x6C,0xC6,0xC6,0xFE,0x00,0x00,0x00,
  0x00,0x00,0x7C,0xC6,0xC6,0xC0,0xC0,0xC0,0xC0,0xC2,0xC6,0x7C,0x18,0x0C,0x38,0x00,
  0x00,0x00,0x6C,0x00,0x00,0xEE,0x66,0x66,0x66,0x66,0x66,0x6E,0x36,0x00,0x00,0x00,
  0x00,0x0C,0x30,0x00,0x00,0x3C,0x66,0x66,0x7E,0x60,0x60,0x66,0x3C,0x00,0x00,0x00,
  0x00,0x10,0x28,0x44,0x00,0x78,0xCC,0x0C,0x7C,0xCC,0xCC,0xCC,0x76,0x00,0x00,0x00,
  0x00,0x00,0x6C,0x00,0x00,0x78,0xCC,0x0C,0x7C,0xCC,0xCC,0xCC,0x76,0x00,0x00,0x00,
  0x00,0x60,0x18,0x00,0x00,0x78,0xCC,0x0C,0x7C,0xCC,0xCC,0xCC,0x76,0x00,0x00,0x00,
  0x00,0x30,0x48,0x30,0x00,0x78,0xCC,0x0C,0x7C,0xCC,0xCC,0xCC,0x76,0x00,0x00,0x00,
  0x00,0x00,0x00,0x00,0x00,0x3E,0x66,0x60,0x60,0x62,0x66,0x3C,0x08,0x04,0x38,0x00,
  0x00,0x10,0x28,0x44,0x00,0x3C,0x66,0x66,0x7E,0x60,0x60,0x66,0x3C,0x00,0x00,0x00,
  0x00,0x00,0x6C,0x00,0x00,0x3C,0x66,0x66,0x7E,0x60,0x60,0x66,0x3C,0x00,0x00,0x00,
  0x00,0x30,0x0C,0x00,0x00,0x3C,0x66,0x66,0x7E,0x60,0x60,0x66,0x3C,0x00,0x00,0x00,
  0x00,0x00,0x6C,0x00,0x00,0x38,0x18,0x18,0x18,0x18,0x18,0x18,0x7E,0x00,0x00,0x00,
  0x00,0x10,0x28,0x44,0x00,0x38,0x18,0x18,0x18,0x18,0x18,0x18,0x7E,0x00,0x00,0x00,
  0x00,0x30,0x0C,0x00,0x00,0x38,0x18,0x18,0x18,0x18,0x18,0x18,0x7E,0x00,0x00,0x00,
  0x6C,0x00,0x78,0x38,0x28,0x6C,0x4C,0x4C,0x4C,0xFE,0x86,0x86,0xCE,0x00,0x00,0x00,
  0x30,0x48,0x30,0x00,0x78,0x38,0x28,0x4C,0x4C,0x7C,0x86,0x86,0xCE,0x00,0x00,0x00,
  0x0C,0x30,0x00,0xFE,0x66,0x60,0x64,0x7C,0x64,0x60,0x60,0x66,0xFE,0x00,0x00,0x00,
  0x00,0x00,0x00,0x00,0x00,0x6E,0xDB,0x1B,0x7F,0xD8,0xD8,0xDB,0x6E,0x00,0x00,0x00,
  0x00,0x00,0x3F,0x2D,0x2C,0x6C,0x4C,0x7F,0xCC,0x8C,0x8C,0x8D,0xDF,0x00,0x00,0x00,
  0x00,0x10,0x28,0x44,0x00,0x3C,0x66,0x66,0x66,0x66,0x66,0x66,0x3C,0x00,0x00,0x00,
  0x00,0x00,0x6C,0x00,0x00,0x3C,0x66,0x66,0x66,0x66,0x66,0x66,0x3C,0x00,0x00,0x00,
  0x00,0x30,0x0C,0x00,0x00,0x3C,0x66,0x66,0x66,0x66,0x66,0x66,0x3C,0x00,0x00,0x00,
  0x00,0x10,0x28,0x44,0x00,0xEE,0x66,0x66,0x66,0x66,0x66,0x6E,0x36,0x00,0x00,0x00,
  0x00,0x30,0x0C,0x00,0x00,0xEE,0x66,0x66,0x66,0x66,0x66,0x6E,0x36,0x00,0x00,0x00,
  0x00,0x00,0x6C,0x00,0x00,0xE6,0xC2,0x66,0x64,0x34,0x34,0x18,0x18,0x08,0x70,0x00,
  0x6C,0x00,0x7C,0xC6,0xC6,0xC6,0xC6,0xC6,0xC6,0xC6,0xC6,0xC6,0x7C,0x00,0x00,0x00,
  0x6C,0x00,0xE6,0x62,0x62,0x62,0x62,0x62,0x62,0x62,0x62,0x66,0x3C,0x00,0x00,0x00,
  0x00,0x00,0x00,0x00,0x00,0x3A,0x64,0x66,0x6E,0x76,0x66,0x26,0x5C,0x00,0x00,0x00,
  0x00,0x00,0x1E,0x36,0x30,0x30,0x7E,0x30,0x30,0x30,0x21,0x73,0x5E,0x00,0x00,0x00,
  0x00,0x00,0x7A,0xC4,0xCE,0xCE,0xD6,0xD6,0xD6,0xE6,0xE6,0x46,0xBC,0x00,0x00,0x00,
  0x00,0x00,0xF0,0xD8,0xD8,0xD8,0xF6,0xC6,0xCF,0xC6,0xC6,0xC6,0xC7,0x00,0x00,0x00,
  0x00,0x00,0x0E,0x1A,0x18,0x18,0x7E,0x18,0x18,0x18,0x18,0x18,0x18,0x58,0x70,0x00,
  0x00,0x18,0x60,0x00,0x00,0x78,0xCC,0x0C,0x7C,0xCC,0xCC,0xCC,0x76,0x00,0x00,0x00,
  0x00,0x18,0x60,0x00,0x00,0x38,0x18,0x18,0x18,0x18,0x18,0x18,0x7E,0x00,0x00,0x00,
  0x00,0x18,0x60,0x00,0x00,0x3C,0x66,0x66,0x66,0x66,0x66,0x66,0x3C,0x00,0x00,0x00,
  0x00,0x18,0x60,0x00,0x00,0xEE,0x66,0x66,0x66,0x66,0x66,0x6E,0x36,0x00,0x00,0x00,
  0x00,0x32,0x4C,0x00,0x00,0xEC,0x76,0x66,0x66,0x66,0x66,0x66,0xEE,0x00,0x00,0x00,
  0x32,0x4C,0x00,0xE6,0x62,0x72,0x5A,0x5A,0x5A,0x4E,0x46,0x46,0xE2,0x00,0x00,0x00,
  0x00,0x00,0x00,0x00,0x00,0x78,0xCC,0x0C,0x7C,0xCC,0xCC,0xCC,0x76,0x00,0xFE,0x00,
  0x00,0x00,0x00,0x00,0x00,0x3C,0x66,0x66,0x66,0x66,0x66,0x66,0x3C,0x00,0x7E,0x00,
  0x00,0x00,0x00,0x00,0x18,0x18,0x00,0x08,0x18,0x30,0x60,0xC0,0xC6,0xC6,0x7C,0x00,
  0x00,0x00,0x00,0x00,0x00,0xFE,0xC0,0xC0,0xC0,0xC0,0xC0,0x00,0x00,0x00,0x00,0x00,
  0x00,0x00,0x00,0x00,0x00,0xFE,0x06,0x06,0x06,0x06,0x06,0x00,0x00,0x00,0x00,0x00,
  0xE0,0x60,0x60,0x60,0x60,0xF2,0x0E,0x38,0xE0,0x9C,0x36,0x06,0x1C,0x30,0x3E,0x00,
  0xE0,0x60,0x60,0x60,0x60,0xF2,0x0E,0x38,0xE0,0x9C,0x2C,0x4C,0x7E,0x0C,0x1E,0x00,
  0x00,0x00,0x00,0x00,0x30,0x30,0x00,0x00,0x20,0x20,0x30,0x30,0x30,0x30,0x30,0x00,
  0x00,0x00,0x00,0x00,0x22,0x66,0xCC,0x98,0xCC,0x66,0x22,0x00,0x00,0x00,0x00,0x00,
  0x00,0x00,0x00,0x00,0x88,0xCC,0x66,0x32,0x66,0xCC,0x88,0x00,0x00,0x00,0x00,0x00,
  0x22,0x22,0x88,0x88,0x22,0x22,0x88,0x88,0x22,0x22,0x88,0x88,0x22,0x22,0x88,0x88,
  0x55,0x55,0xAA,0xAA,0x55,0x55,0xAA,0xAA,0x55,0x55,0xAA,0xAA,0x55,0x55,0xAA,0xAA,
  0xDB,0xDB,0x77,0x77,0xDB,0xDB,0xEE,0xEE,0xDB,0xDB,0x77,0x77,0xDB,0xDB,0xEE,0xEE,
  0x30,0x30,0x30,0x30,0x30,0x30,0x30,0x30,0x30,0x30,0x30,0x30,0x30,0x30,0x30,0x30,
  0x30,0x30,0x30,0x30,0x30,0x30,0x30,0x30,0xF0,0xF0,0x30,0x30,0x30,0x30,0x30,0x30,
  0x30,0x30,0x30,0x30,0xF0,0xF0,0x30,0x30,0xF0,0xF0,0x30,0x30,0x30,0x30,0x30,0x30,
  0x36,0x36,0x36,0x36,0x36,0x36,0x36,0x36,0xF6,0xF6,0x36,0x36,0x36,0x36,0x36,0x36,
  0x00,0x00,0x00,0x00,0x00,0x00,0x00,0x00,0xFE,0xFE,0x36,0x36,0x36,0x36,0x36,0x36,
  0x00,0x00,0x00,0x00,0xF0,0xF0,0x30,0x30,0xF0,0xF0,0x30,0x30,0x30,0x30,0x30,0x30,
  0x36,0x36,0x36,0x36,0xF6,0xF6,0x06,0x06,0xF6,0xF6,0x36,0x36,0x36,0x36,0x36,0x36,
  0x36,0x36,0x36,0x36,0x36,0x36,0x36,0x36,0x36,0x36,0x36,0x36,0x36,0x36,0x36,0x36,
  0x00,0x00,0x00,0x00,0xFE,0xFE,0x06,0x06,0xF6,0xF6,0x36,0x36,0x36,0x36,0x36,0x36,
  0x36,0x36,0x36,0x36,0xF6,0xF6,0x06,0x06,0xFE,0xFE,0x00,0x00,0x00,0x00,0x00,0x00,
  0x36,0x36,0x36,0x36,0x36,0x36,0x36,0x36,0xFE,0xFE,0x00,0x00,0x00,0x00,0x00,0x00,
  0x30,0x30,0x30,0x30,0xF0,0xF0,0x30,0x30,0xF0,0xF0,0x00,0x00,0x00,0x00,0x00,0x00,
  0x00,0x00,0x00,0x00,0x00,0x00,0x00,0x00,0xF0,0xF0,0x30,0x30,0x30,0x30,0x30,0x30,
  0x30,0x30,0x30,0x30,0x30,0x30,0x30,0x30,0x3F,0x3F,0x00,0x00,0x00,0x00,0x00,0x00,
  0x30,0x30,0x30,0x30,0x30,0x30,0x30,0x30,0xFF,0xFF,0x00,0x00,0x00,0x00,0x00,0x00,
  0x00,0x00,0x00,0x00,0x00,0x00,0x00,0x00,0xFF,0xFF,0x30,0x30,0x30,0x30,0x30,0x30,
  0x30,0x30,0x30,0x30,0x30,0x30,0x30,0x30,0x3F,0x3F,0x30,0x30,0x30,0x30,0x30,0x30,
  0x00,0x00,0x00,0x00,0x00,0x00,0x00,0x00,0xFF,0xFF,0x00,0x00,0x00,0x00,0x00,0x00,
  0x30,0x30,0x30,0x30,0x30,0x30,0x30,0x30,0xFF,0xFF,0x30,0x30,0x30,0x30,0x30,0x30,
  0x30,0x30,0x30,0x30,0x3F,0x3F,0x30,0x30,0x3F,0x3F,0x30,0x30,0x30,0x30,0x30,0x30,
  0x36,0x36,0x36,0x36,0x36,0x36,0x36,0x36,0x37,0x37,0x36,0x36,0x36,0x36,0x36,0x36,
  0x36,0x36,0x36,0x36,0x37,0x37,0x30,0x30,0x3F,0x3F,0x00,0x00,0x00,0x00,0x00,0x00,
  0x00,0x00,0x00,0x00,0x3F,0x3F,0x30,0x30,0x37,0x37,0x36,0x36,0x36,0x36,0x36,0x36,
  0x36,0x36,0x36,0x36,0xF7,0xF7,0x00,0x00,0xFF,0xFF,0x00,0x00,0x00,0x00,0x00,0x00,
  0x00,0x00,0x00,0x00,0xFF,0xFF,0x00,0x00,0xF7,0xF7,0x36,0x36,0x36,0x36,0x36,0x36,
  0x36,0x36,0x36,0x36,0x37,0x37,0x30,0x30,0x37,0x37,0x36,0x36,0x36,0x36,0x36,0x36,
  0x00,0x00,0x00,0x00,0xFF,0xFF,0x00,0x00,0xFF,0xFF,0x00,0x00,0x00,0x00,0x00,0x00,
  0x36,0x36,0x36,0x36,0xF7,0xF7,0x00,0x00,0xF7,0xF7,0x36,0x36,0x36,0x36,0x36,0x36,
  0x30,0x30,0x30,0x30,0xFF,0xFF,0x00,0x00,0xFF,0xFF,0x00,0x00,0x00,0x00,0x00,0x00,
  0x36,0x36,0x36,0x36,0x36,0x36,0x36,0x36,0xFF,0xFF,0x00,0x00,0x00,0x00,0x00,0x00,
  0x00,0x00,0x00,0x00,0xFF,0xFF,0x00,0x00,0xFF,0xFF,0x30,0x30,0x30,0x30,0x30,0x30,
  0x00,0x00,0x00,0x00,0x00,0x00,0x00,0x00,0xFF,0xFF,0x36,0x36,0x36,0x36,0x36,0x36,
  0x36,0x36,0x36,0x36,0x36,0x36,0x36,0x36,0x3F,0x3F,0x00,0x00,0x00,0x00,0x00,0x00,
  0x30,0x30,0x30,0x30,0x3F,0x3F,0x30,0x30,0x3F,0x3F,0x00,0x00,0x00,0x00,0x00,0x00,
  0x00,0x00,0x00,0x00,0x3F,0x3F,0x30,0x30,0x3F,0x3F,0x30,0x30,0x30,0x30,0x30,0x30,
  0x00,0x00,0x00,0x00,0x00,0x00,0x00,0x00,0x3F,0x3F,0x36,0x36,0x36,0x36,0x36,0x36,
  0x36,0x36,0x36,0x36,0x36,0x36,0x36,0x36,0xFF,0xFF,0x36,0x36,0x36,0x36,0x36,0x36,
  0x30,0x30,0x30,0x30,0xFF,0xFF,0x30,0x30,0xFF,0xFF,0x30,0x30,0x30,0x30,0x30,0x30,
  0x30,0x30,0x30,0x30,0x30,0x30,0x30,0x30,0xF0,0xF0,0x00,0x00,0x00,0x00,0x00,0x00,
  0x00,0x00,0x00,0x00,0x00,0x00,0x00,0x00,0x3F,0x3F,0x30,0x30,0x30,0x30,0x30,0x30,
  0xFF,0xFF,0xFF,0xFF,0xFF,0xFF,0xFF,0xFF,0xFF,0xFF,0xFF,0xFF,0xFF,0xFF,0xFF,0xFF,
  0x00,0x00,0x00,0x00,0x00,0x00,0x00,0x00,0xFF,0xFF,0xFF,0xFF,0xFF,0xFF,0xFF,0xFF,
  0xF0,0xF0,0xF0,0xF0,0xF0,0xF0,0xF0,0xF0,0xF0,0xF0,0xF0,0xF0,0xF0,0xF0,0xF0,0xF0,
  0x0F,0x0F,0x0F,0x0F,0x0F,0x0F,0x0F,0x0F,0x0F,0x0F,0x0F,0x0F,0x0F,0x0F,0x0F,0x0F,
  0xFF,0xFF,0xFF,0xFF,0xFF,0xFF,0xFF,0xFF,0x00,0x00,0x00,0x00,0x00,0x00,0x00,0x00,
  0x00,0x00,0x00,0x00,0x00,0x76,0xD6,0xDC,0xCC,0xC8,0xDC,0xD6,0x76,0x00,0x00,0x00,
  0x00,0x00,0x3C,0x66,0x66,0x66,0x6C,0x66,0x66,0x66,0x66,0x66,0x6C,0x60,0x60,0x00,
  0x00,0x00,0xFE,0x66,0x66,0x60,0x60,0x60,0x60,0x60,0x60,0x60,0xF0,0x00,0x00,0x00,
  0x00,0x00,0x00,0x00,0x00,0x7E,0xFE,0x24,0x24,0x24,0x64,0x66,0x46,0x00,0x00,0x00,
  0x00,0x00,0xFE,0xC6,0x60,0x60,0x30,0x20,0x20,0x40,0x42,0xFE,0xFE,0x00,0x00,0x00,
  0x00,0x00,0x00,0x00,0x00,0x7E,0xC8,0xCC,0xCC,0xCC,0xCC,0xCC,0x78,0x00,0x00,0x00,
  0x00,0x00,0x00,0x00,0x00,0xEE,0x66,0x66,0x66,0x66,0x66,0x76,0x6A,0x60,0x60,0x00,
  0x00,0x00,0x00,0x00,0x00,0x66,0xF6,0x98,0x18,0x18,0x18,0x18,0x18,0x18,0x18,0x00,
  0x00,0x00,0xFC,0x30,0x30,0x78,0xCC,0xCC,0xCC,0x78,0x30,0x30,0xFC,0x00,0x00,0x00,
  0x00,0x00,0x3C,0x66,0x66,0x66,0x66,0x7E,0x66,0x66,0x66,0x66,0x3C,0x00,0x00,0x00,
  0x00,0x00,0x7C,0xC6,0xC6,0xC6,0xC6,0xC6,0xC6,0x44,0x44,0x28,0xEE,0x00,0x00,0x00,
  0x00,0x00,0x3C,0x66,0x30,0x18,0x3C,0x66,0x66,0x66,0x66,0x66,0x3C,0x00,0x00,0x00,
  0x00,0x00,0x00,0x00,0x00,0x76,0xB9,0x99,0x99,0x9D,0x6E,0x00,0x00,0x00,0x00,0x00,
  0x00,0x00,0x02,0x06,0x3C,0x44,0xCE,0xD6,0xD6,0xE6,0x44,0x78,0xC0,0x80,0x00,0x00,
  0x00,0x00,0x1E,0x70,0x60,0xC0,0xC0,0xFE,0xC0,0xC0,0x60,0x70,0x1E,0x00,0x00,0x00,
  0x00,0x00,0x38,0x6C,0xC6,0xC6,0xC6,0xC6,0xC6,0xC6,0xC6,0xC6,0xC6,0x00,0x00,0x00,
  0x00,0x00,0x00,0x00,0xFE,0x00,0x00,0xFE,0x00,0x00,0xFE,0x00,0x00,0x00,0x00,0x00,
  0x00,0x00,0x30,0x30,0x30,0xFE,0x30,0x30,0x30,0x00,0x00,0xFE,0x00,0x00,0x00,0x00,
  0x00,0x00,0xC0,0x70,0x1C,0x06,0x1C,0x70,0xC0,0x00,0x00,0xFE,0x00,0x00,0x00,0x00,
  0x00,0x00,0x06,0x1C,0x70,0xC0,0x70,0x1C,0x06,0x00,0x00,0xFE,0x00,0x00,0x00,0x00,
  0x00,0x07,0x0B,0x08,0x08,0x18,0x18,0x18,0x18,0x18,0x18,0x18,0x18,0x18,0x18,0x18,
  0x18,0x18,0x18,0x18,0x18,0x18,0x18,0x18,0x18,0x18,0x18,0x10,0x10,0xD0,0xE0,0x00,
  0x00,0x00,0x30,0x30,0x00,0x00,0x00,0xFE,0x00,0x00,0x00,0x30,0x30,0x00,0x00,0x00,
  0x00,0x00,0x00,0x00,0x71,0xDB,0x8E,0x00,0x71,0xDB,0x8E,0x00,0x00,0x00,0x00,0x00,
  0x00,0x38,0x6C,0x6C,0x38,0x00,0x00,0x00,0x00,0x00,0x00,0x00,0x00,0x00,0x00,0x00,
  0x00,0x00,0x00,0x00,0x00,0x38,0x38,0x38,0x38,0x00,0x00,0x00,0x00,0x00,0x00,0x00,
  0x00,0x00,0x00,0x00,0x00,0x00,0x38,0x38,0x00,0x00,0x00,0x00,0x00,0x00,0x00,0x00,
  0x00,0x07,0x04,0x04,0x04,0x0C,0x08,0x48,0xC8,0xE8,0x78,0x30,0x30,0x10,0x00,0x00,
  0x78,0x6C,0x6C,0x6C,0x6C,0x6C,0x00,0x00,0x00,0x00,0x00,0x00,0x00,0x00,0x00,0x00,
  0x78,0x4C,0x0C,0x38,0x60,0x7C,0x00,0x00,0x00,0x00,0x00,0x00,0x00,0x00,0x00,0x00,
  0x00,0x00,0x00,0x00,0x3C,0x3C,0x3C,0x3C,0x3C,0x3C,0x00,0x00,0x00,0x00,0x00,0x00,
  0x00,0x00,0x00,0x00,0x00,0x00,0x00,0x00,0x00,0x00,0x00,0x00,0x00,0x00,0x00,0x00
};
